Personal profile,Review,Number of likes,Store name,Region
"Local Guide · 490 reviews · 1,667 photos","The store is small and narrow making it difficult to get past other shoppers and the staff I dealt with were impatient, not very helpful and/or rude. I would suggest making your way up to the store near Marble Arch station or going somewhere else but I could not recommend this store.",,Foot Locker,London
1 review,"William was very accommodating, made the visit very easy. Was happy to help no matter how many times I changed my mind. Balanced me and many other customers at the same time, a credit to the team",,Foot Locker,London
1 review,"lovely experience with certain workers such as Ahmed, helped me find the right shoes ive been searching for for over a year now and also ensured that my sizes were available. to help a customer so much on a rush during boxing day is well above satisfactory service- thank you ahmed!",,Foot Locker,London
2 reviews,"My recent shopping experience at your store was unfortunately marred by the disagreeable behavior of the cashier on duty. Her lack of a smile and her hasty approach created an unwelcoming atmosphere, significantly detracting from the level ",,Foot Locker,London
Local Guide · 25 reviews · 52 photos,Hameema very helpful with my Air Jordan 1 for my brother birthday shoes.,,Foot Locker,London
Local Guide · 66 reviews · 2 photos,"Excellent service in this store. Saira was available as soon as I needed assistance. Welcoming, efficient and knowledgeable about products.
Highly recommended. ",,Foot Locker,London
8 reviews,"The people who work here actually provide THE WORST service ever and their attitude is lacking as if I owe them money. Very cold and curt, and extremely unhelpful",,Foot Locker,London
3 reviews,"I'm a 50 year old lady was shopping with my son I've never known staff to be so rude they need all there staff go on customer service course and learn how communicate with the public
LEARN MANNERS",,Foot Locker,London
12 reviews · 1 photo,"kelva was attentive and very helpful on christmas eve eve, a busy day in central london",,Foot Locker,London
Local Guide · 280 reviews · 15 photos,1 Star is way to much. Went here on Thursday 29th 06.23/ 6.10.23 rude female staff didn't want to help me or anything. only got dirty look. Someone need training,,Foot Locker,London
Local Guide · 73 reviews · 115 photos,"Foot locker, maybe one of the best stores available that you can walk in, and maybe find something out of the ordinary or something that is not as common, good choice  could be bigger, but other than that not too bad for your latest trainers. ",,Foot Locker,London
3 reviews,Veryyy rude staff !! Very poor Service !! Rude Chinese guy works there was so rude to me and my misses and the manger is worse than him ! Very disrespectful staff and dont want to help,,Foot Locker,London
4 reviews,"Its 12:06 on a Sunday afternoon and these geezers where supposed to open 6 minutes ago, they have been standing there chatting for 20 minutes and they wont open the store. Update: the biggest size they had in the shoe I wanted was 8.5 US. I am size 12 because Im a beast (RAAAHHHH) overall, not a good experience, highly recommend.",,Foot Locker,London
"Local Guide · 224 reviews · 8,205 photos","Unhelpful staff. That's all I can say, considering I walked down Oxford Street to find this place and actually buy slip-on walking shoes and cotton sports socks... very sad for the brand...",,Foot Locker,London
122 reviews,Good range but out of most sizes.,,Foot Locker,London
Local Guide · 47 reviews · 72 photos,"We were shopping and the manager made us leave because it was 6pm, closing time, however,  he did not ask the Caucasian customers to leave. After locking the door because they are ""closed"", all the white customers were still allows to ",,Foot Locker,London
Local Guide · 369 reviews · 134 photos,"Great stuff, lots of choices but if you want to click and collect there's no next day delivery options, so you may need 3-4 days. Understandable but take this into consideration if you stay in London for fewer days!",,Foot Locker,London
33 reviews,"Good selection of shoes but the staff was absolutely lazy. The shop was full they didnt care to help anyone, 4 of them chatting also very rude and grumpy when you would ask for help.",,Foot Locker,London
3 reviews,Have you ever had a shop assistant laugh with their coworkers when you ask for a shoe size and then proceed to take 10 minutes to bring out the incorrect size? And when you point to the size label on the tongue to show them the size says ,,Foot Locker,London
"Local Guide · 530 reviews · 1,124 photos","Couldnt find my size, when I found it the give me wrong shoe  ",,Foot Locker,London
Local Guide · 58 reviews · 189 photos,"Great service, staff was really helpful, and they fo have quite a good variety of sneakers, clothes, and prices are correct. Will definitely come back!",,Foot Locker,London
Local Guide · 49 reviews · 46 photos,"I was served today by Ms. Saira Khan, at store no. 3104198 (283 Oxford Street, London W1C) register 2 time 18:26 on 19/01/2023  with her team Ms. Jennyfer  Soliz & Roberto Puddu at customer care counter & Cashiers till. ",,Foot Locker,London
3 reviews · 2 photos,Fast service nice staff and I got a jordan for £120 and its worth it,,Foot Locker,London
6 reviews · 1 photo,Absolutely clueless and lazy staff. Asked the availability of an item and was told they dont stock it there after I was referred to them by a different store. I asked two separate staff members and both had the same answer. After hunting ,,Foot Locker,London
Local Guide · 53 reviews · 4 photos,"Busy place lots of choices available, polite helpful staff, good shopping experience",,Foot Locker,London
3 reviews,"My wife and I walked in yesterday as it was my birthday and wanted to treat myself to a pair of trainers each and the staff were utterly uninterested in engaging with us, A they had a unapproachable attitude, B were talking to their ",,Foot Locker,London
30 reviews · 2 photos,Nice friendly atmosphere in the shop. The staff were extremely helpful and I managed to purchase what I went in for.,,Foot Locker,London
3 reviews,i bought a shoe this week which is quite pricey. the staff advised me to put the shoes on and walk around the store to feel the fit.. when i wanted to take the shoe back 2 days after  (note that i did NOT wear this shoe out once as i ,,Foot Locker,London
5 reviews,"Wouldn't recommend using Footlocker at all, the website crashes when paying and they have some serious customer service issues. After following packing instruction about a return, footlocker haven't responded and refuse to take responsibility even though I followed instructions given in their packaging. Crazy how poor the website is in 2023.",,Foot Locker,London
Local Guide · 132 reviews · 52 photos,"The worst footlocker in London, staff were very rude. Discount was not applied even if its online and Instore. Stay away from this shop just walk 5 minutes ahead you will find another footlocker which is better then this rubbish.",,Foot Locker,London
44 reviews,Lovely staff! Very helpful and polite. Went out of their way to find the trainers I wanted. As I was not feeling very well today I really appreciated their kindness. Thank you very much!!!,,Foot Locker,London
3 reviews,Excellent service highly recommended,,Foot Locker,London
2 reviews · 4 photos,"Poor service.
Found a new released pair in the store. After trying on my regular size, I felt them large for me so I asked for a smaller one. However, the smaller pair were a little tight... so I asked for the first pair again.
The staff put on a impatient face immediately and turned me down by asking me why I need the first pair again and told me they were big for me.
After my insistence and explanation, she helped me find the first pair and I took it.
She even threw the shoe box down on the cashier desk rudely.
From stepping into the store to my payment was less than 8 minutes time and I talked to the staff politely.
Couldnt find a clue why she was so impatient to me and how I bothered her.
I regret having purchased at that store already and definitely wont go there again.",,Foot Locker,London
1 review,"Total disaster. Bought Jordans for my son, traveled to Dubai, only to find out they gave me two different sizes - one for each foot.. and now no one answers the phone.",,Foot Locker,London
7 reviews · 8 photos,Great workers at the store with a high level of understanding of what I was looking for. Great customer service and always going beyond expectation each time I come to shop in the store. Highly recommend!!!!,,Foot Locker,London
Local Guide · 108 reviews · 246 photos,Haven't shopped at FL in years and popped into this branch on a whim in search of some all-white trainers. ,,Foot Locker,London
2 reviews,They only carry womens sizes up to 7 UK (about 8.5 US).,,Foot Locker,London
21 reviews,Extremely helpful staff! Very pleasant and eager to assist (unlike the staff in Skechers nearby). My baby vomited in store and they helped with the unfortunate mess too.,,Foot Locker,London
Local Guide · 83 reviews · 12 photos,"There aren't too many products, and most of them are boring, I don't know why they don't order better ones, because every time I check Adidas' or Nike's websites, there are so many great products on them.

I like the basement tho, where you can find Jordan shoes and clothes, I bought shoes there  2x times.",,Foot Locker,London
5 reviews · 6 photos,The workers were rushing the customers here and there. There to get an insole and was told it's all free size and can be cut. Turns out the sizes are fixed and the one she palmed to me is too small for my feet. Come on! You had one job!,,Foot Locker,London
"Local Guide · 62 reviews · 1,699 photos",Very poor service practically Spaniards speaking very poorly in English. The manager was very unpleasant and nasty and surly. I was surprised when one of the employees checked the contents of my backpack without being entitled to do so. Maybe they have good locations but the behavior of the client leaves much to be desired.,,Foot Locker,London
Local Guide · 25 reviews · 24 photos,"Great options, but they didn't have my size.",,Foot Locker,London
46 reviews · 1 photo,My best « hello-> no answer» experience in London !,,Foot Locker,London
Local Guide · 30 reviews,Staff are good but not enough shoe options,,Foot Locker,London
Local Guide · 27 reviews · 15 photos,"Over all everyone is working ... And try to be polite... My first impression was the welcoming staff he was not really interested to approach me until I walk up to him face to face so no way i can be ignored, and informed him my need ... He ",,Foot Locker,London
Local Guide · 159 reviews · 409 photos,Well stocked store and a lot of choice in footwear. due to Boxing Day sales store was busier than usual but staff were on hand to help.,,Foot Locker,London
12 reviews,I love this store was hard to give it a 2. The last 2 / 3 years its been lacking. The management is just not listening to what the customer wants BIG SIZES PLEASE. I Was in store over three weeks so many small sizes had to walk out and go to Nike town I got the same thing and sizes wanted.,,Foot Locker,London
28 reviews,Not that much NBA merchandise. Shoe selection was good but didn't have my size (UK 10) in many shoes and they didn't have the latest releases. Staff were friendly. Store was very busy and due to the small width of the store it felt crowded.,,Foot Locker,London
1 review,Amazing customer service was impressed with young man named Sully he was very helpful with quick service and showing me a lot of options as I wanted the perfect shoe. Thanks a lot mate,,Foot Locker,London
3 reviews,"We went into footlocker in Oxford street looking for Nike jordon 1s low . The sales lady whos name was summer was absolutely amazing , nothing was too much trouble for her . We had previously asked a man who worked there if they had Jordan 1s and he just said no . We were looking at a different pair when summer spoke to us , I asked her where I could get Jordan 1s as they had none and she said she was sure there was a pair out the back and would check , as it happened there was , the correct size and colour we were looking for . We were so pleased that we bought them and another pair of Nikes as well . Thankyou footlocker and especially summer !!",,Foot Locker,London
4 reviews,"Amazing place, high range of shoes to look at and choose from!!! Only negative is that the staff always try to sell you additional accessories when buying some shoes!! (Suppose there just doing there job but can get really annoying) Still would hands down go back to buy my next pair of shoes!!",,Foot Locker,London
5 reviews,"Today, 19.01.2023, the shop was closed at 7:50 p.m. no matter that the working hours are till 8:00 p.m.",,Foot Locker,London
49 reviews · 62 photos,wait aj1s for only 70-90£ thats really cheap. if you think that in finland they sell jordan 1s for 110£ or more,,Foot Locker,London
10 reviews,"I just would like the store management to consider the impeccable costumer service and assistance of one of the staff named ANGELA she was so kind, patient and helpful",,Foot Locker,London
Local Guide · 15 reviews · 7 photos,Worst service I have ever received  In Foot Looker!!! I ordered a pair of Nikes on 3rd of Feb (Sunday) for my wife's birthday which is on 11th (next Monday)...i have been told by sales assistant the shoes will arrive by this date (5 to 7 ,,Foot Locker,London
Local Guide · 12 reviews · 1 photo,No one knows anything and everyone is confused.  Don't expect to get out within an hour if you want a pair of trainers in your size. As always though the shoes are sick the lower floor is really nicely laid out,,Foot Locker,London
Local Guide · 37 reviews · 2 photos,"Helpful, friendly staff and not a bad range of shoes and kit. Limited sizes in some shoes, and no women's basketball gear being the only downsides. Happy to have you test things out with a ball.",,Foot Locker,London
Local Guide · 161 reviews · 98 photos,"Terrible service. Store was basically empty at 7pm and yet waited for over 15 minutes to just try a pair of shoes on, which never arrived because two pushy male customers jumped the shoe queue and the salesperson let them. Not about to give my money to such disrespect and being treated like chop liver",,Foot Locker,London
5 reviews,"I would rate this 1 but gave it an extra star purely because of the care 1 worker gave. I think his name was Miguel and he's a manager or something. When I came in he greeted me by asking how I was and to be honest I just nodded as I wasn't too sure if he was talking to me. I then went over to the Air Max 97s and an employee noticed I was looking for someone that worked there. So far so good. He asked me if I needed help and I asked him if he could get me that trainer in my size and he went to check. This is where it all went down hill. Waiting for 5 minutes the guy came back empty handed and another employee who I was waiting by reminded him. So at this stage been waiting 5 mins and the guy who went to look had forgotten. Miguel came over as he's seen Ive been waiting and said what was wrong. I told him his colleague forgot my trainers but hes gone to look for them. Im a very patient person when it comes to these things as I understand it can be busy however, I never received an apology from the worker who had gone to get my trainer or the one who noticed that the first employee had forgotten. Another few minutes later the guy comes back with the wrong pair of trainers and at this point I'm fed up as he goes back to find the right pair. Before he does I tell him to forget it as he didnt apologise then either. I walked off with my mate and Miguel noticed again something was up. I told him his colleagues messed up twice and then I had walked off. I never write reviews but I'm simply writing this for 2 reasons. 1. The 2 employees I faced, suck. The first one never apologised and forgot my trainers then got the wrong one. The second one who noticed, has an issue with giving customers eye contact and didn't apologise either. And 2. If anyone from foot locker sees this, please tell Miguel I appreciated his service and its people like him that will make customers come back to a store and only because of his service will I still shop at that same store... just hope next time he serves me and not the useless colleagues who I had to deal with. Keep up the good work Miguel.",,Foot Locker,London
22 reviews · 3 photos,"Great customer service! Very helpful staff especially the Nigerian guy, he was patient with me to find the perfect shoes.. I appreciate his help�� ",,Foot Locker,London
1 review · 1 photo,"Almost staff were nice except the girl name Fedderica. When I was having look and decided which ones I would buy. Because I chose and bought around 6 pairs of sneakers, there was a lot on the chair so she came and was really annoying, she closed all of the boxes and asked me to leave chair for another people sitting. But no one want to use it at that time, store was not really busy. When no one come she asked me and my boyfriend took a sit even we didn't want. It was so impolite.",,Foot Locker,London
7 reviews · 5 photos,"It was the first time I went to the Oxford Street footlocker ... I was very satisfied and happy with the help I received in the women's department from Angela ... She was very kind, helpful and friendly ...",,Foot Locker,London
1 review,"Bad service and poor inventory

I came to buy basketball shoes thinking the house of hoops in London would be a ",,Foot Locker,London
Local Guide · 28 reviews · 1 photo,"Not too big, but good.",,Foot Locker,London
Local Guide · 27 reviews · 3 photos,"I am very happy with customer service, they were very helpful and patient especially Pablo. I think I tried half of the store before I made my mind, but on the end I am loving my new shoes. Thank you!",,Foot Locker,London
Local Guide · 85 reviews · 48 photos,Took grandaughter but wasn't impressed  music atrocious  and loud had to come out because of din,,Foot Locker,London
3 reviews · 2 photos,Never been to a store that hires a staff with such an extremely horrible attitude like this one. Mind the Middle East lookalike staff working at the woman department. Arrogant attitude and helpless!,,Foot Locker,London
Local Guide · 244 reviews · 52 photos,Very friendly staff! Quick service! Thank you!,,Foot Locker,London
Local Guide · 36 reviews · 1 photo,Staff members are very friendly and helpful !,,Foot Locker,London
1 review,I went to londo with school and i bought some very good snikers,,Foot Locker,London
Local Guide · 259 reviews · 70 photos,Useless crew if I was the manager I'd fire them all.,,Foot Locker,London
3 reviews,I bought fancy Adidas shoes for my son but after three months the seams go lose and the colour disappears,,Foot Locker,London
"Local Guide · 560 reviews · 1,440 photos","One the best FL stores I've been too, the Hoops section downstairs is brilliant. Very helpful staff  ",,Foot Locker,London
Local Guide · 110 reviews · 35 photos,"What can I say ? It is my favourite store , just bought today a pair of sneakers , jordan ones , I'm happy with the buy,  the guys are kind and nice , overall , loved to be there again",,Foot Locker,London
Local Guide · 86 reviews · 58 photos,Store manager was very helpful tracking down some infant trainers (unfortunately only pair in the world was Beijing) but he tried and offered a alternative,,Foot Locker,London
Local Guide · 564 reviews · 58 photos,Good price,,Foot Locker,London
Local Guide · 57 reviews,"Some shoes on sale that are definitely part of online store, well worth visiting the store if close by",,Foot Locker,London
10 reviews · 1 photo,Lots of options of shoes that othere stores like jd do not offer.more for people who like basketball ball shoes,,Foot Locker,London
485 reviews · 49 photos,Central London shoe shop experience. The staff were quite helpful.,,Foot Locker,London
1 review,"Wonderful store , get to know the manger and  you get  access to  any new release  hype  shoe  you want before the store opens, thanks for the backdoors :)",,Foot Locker,London
9 reviews,I had an issue with my online delivery and the assistant manager (Gaudo) was very helpful. 5* service,,Foot Locker,London
2 reviews · 1 photo,"Thank you to the lovely black girl with the nice hair, so kind and helpful your an angle - my brother loved the out fit.",,Foot Locker,London
7 reviews · 1 photo,I won't buy any shoes in a store where the seller rolls his eyes when beeing asked for a different size. Very poor service!!,,Foot Locker,London
Local Guide · 184 reviews · 54 photos,Busy and understaffed - but its Oxford street .,,Foot Locker,London
9 reviews,This shop is like fancy shoes museum! Should be on the Londons attraction list! The shoes are unique and beautiful.,,Foot Locker,London
Local Guide · 37 reviews · 57 photos,Very helpful,,Foot Locker,London
Local Guide · 173 reviews · 547 photos,"Friendly staff member, not very wide variety of footwear as compare JD store but still good place for shopping.",,Foot Locker,London
Local Guide · 57 reviews · 317 photos,Good prices and a few discounts.,,Foot Locker,London
84 reviews,It had some good trainers in the sale otherwise they're far too expensive,,Foot Locker,London
2 reviews,"I really like the staff, one of the guys suddenly became my best friend, I wish there was a bigger selection of classic Jordan's.",,Foot Locker,London
5 reviews,worst service of my life.  rude salespeople,,Foot Locker,London
Local Guide · 19 reviews,Worst footlocker ever!!!! and its in central what a waste....their junior section is a lot to be desired as unfortunately there are women out here with foot sizes below 6 ,,Foot Locker,London
Local Guide · 19 reviews · 12 photos,Felt like i was being watched incase i robbed something. After a few purchases staff were squabbling over sales. Not great Footlocker!,,Foot Locker,London
40 reviews · 31 photos,Really helpful assistant in footwear section in Oxford St branch. Found my size pronto. Unlike their rival...,,Foot Locker,London
Local Guide · 104 reviews · 158 photos,Amazing store,,Foot Locker,London
Local Guide · 142 reviews · 757 photos,"Nice collection of clothes and shoes, helpful staff",,Foot Locker,London
Local Guide · 38 reviews · 449 photos,The go-to place when in London with my basketball mad sons. Go downstairs and it's full of basketball gear. Keeps them quiet browsing for ages!,,Foot Locker,London
Local Guide · 54 reviews,Emmm... Just not as good as other FL branches around the world. Basketball section was well-decorated though.,,Foot Locker,London
Local Guide · 324 reviews · 312 photos,Great for basketball gear.  Shame our size was out of stock in the styles we liked,,Foot Locker,London
24 reviews,"Bought good footwear, amazing customer services.",,Foot Locker,London
2 reviews,Collected shoes today via FCFS manager and staff very friendly and helpful! @ig.liem  ,,Foot Locker,London
Local Guide · 48 reviews · 152 photos,Great quality shoes good service very busy though.,,Foot Locker,London
"Local Guide · 290 reviews · 4,668 photos",Long wait to try on shoes - takes a long time to retrieve stock for one reason or another. Some out of stock models also.,,Foot Locker,London
7 reviews · 1 photo,Lots of variety of shoes and staff was good,,Foot Locker,London
Local Guide · 390 reviews · 864 photos,"Some of the staff are a little unhelpful, but it is a good place to buy sports shoes if your can handle that",,Foot Locker,London
"Local Guide · 493 reviews · 4,049 photos",Visited store with my son to buy trainers,,Foot Locker,London
Local Guide · 122 reviews,The shoes and clothes were okay but I would have preferred a wider choice of shoes,,Foot Locker,London
Local Guide · 22 reviews,Great service however some may find items there a tad on the expensive side.,,Foot Locker,London
148 reviews · 102 photos,"The staff member I approached knew nothing, was unhelpful and extremely rude.",,Foot Locker,London
36 reviews,"Not much of a variety but the cashier went above and beyond to help me get some trainers, lovely lady",,Foot Locker,London
Local Guide · 49 reviews · 1 photo,Great customer service especially in the basement 'house of hoops',,Foot Locker,London
8 reviews,"Expensive compared to other shoe stores, but good stock",,Foot Locker,London
1 review,Not too sure why its called house of hoops. Have a tiny basketball section and dont even have a youth section,,Foot Locker,London
Local Guide · 278 reviews · 37 photos,doesn't seem to have anything above 11.5,,Foot Locker,London
15 reviews,was good but workers were arguing and causing chaos.,,Foot Locker,London
Local Guide · 40 reviews · 7 photos,This is my daughtwrs ahop and she loves to shop here,,Foot Locker,London
Local Guide · 520 reviews · 360 photos,Very busy and can get really crowded. Shoe quality is good,,Foot Locker,London
Local Guide · 48 reviews · 63 photos,Need more basketball shoes,,Foot Locker,London
30 reviews · 34 photos,you will always find good shoes here,,Foot Locker,London
7 reviews,A nice ambience for different range of indoor and outdoor foot wears.,,Foot Locker,London
Local Guide · 40 reviews · 112 photos,Foot lockers flagship store in the London Hub. Two floors (women and men/kids). Sneaker-head haven,,Foot Locker,London
Local Guide · 17 reviews · 5 photos,Paulina bad constumer service.,,Foot Locker,London
5 reviews,Good selection and prices but rude staff,,Foot Locker,London
Local Guide · 41 reviews · 127 photos,Very small women shoes collection,,Foot Locker,London
Local Guide · 44 reviews · 11 photos,Bad personal but great place,,Foot Locker,London
Local Guide · 58 reviews,loved the shoes. lovely staff,,Foot Locker,London
Local Guide · 55 reviews · 12 photos,Good selection of trainers at a good price too,,Foot Locker,London
Local Guide · 34 reviews · 198 photos,Very helpful staff were present,,Foot Locker,London
Local Guide · 215 reviews · 944 photos,Lots of collection ans very nice staff,,Foot Locker,London
Local Guide · 34 reviews · 15 photos,All the basketball trainers you could imagine and availabe for orders too,,Foot Locker,London
Local Guide · 170 reviews · 503 photos,We found the right shoes there,,Foot Locker,London
Local Guide · 25 reviews · 13 photos,"Friendly staff, good variety of trainers",,Foot Locker,London
Local Guide · 69 reviews,"Great staff and management
very helpful",,Foot Locker,London
Local Guide · 459 reviews · 384 photos,Just need more jordans,,Foot Locker,London
Local Guide · 26 reviews,Still no trainers that I like...shame,,Foot Locker,London
Local Guide · 15 reviews · 10 photos,Small store not so much products range available,,Foot Locker,London
6 reviews · 2 photos,A good shop to find shoes at regular prices,,Foot Locker,London
Local Guide · 19 reviews · 37 photos,Place was a bit dull and small considering where it's located.,,Foot Locker,London
Local Guide · 120 reviews · 9 photos,They never have the trainers I want....arggghhh!,,Foot Locker,London
Local Guide · 36 reviews · 8 photos,Higher prices than other stores,,Foot Locker,London
Local Guide · 18 reviews · 13 photos,Mad busy with rude staff tbh.,,Foot Locker,London
Local Guide · 68 reviews · 160 photos,Not really impressive.  Service was too slow. ..... ,,Foot Locker,London
"Local Guide · 416 reviews · 1,073 photos",Good selection of shoes and accessories,,Foot Locker,London
Local Guide · 34 reviews · 107 photos,Not that much of variety. Limited choices of shoes,,Foot Locker,London
Local Guide · 27 reviews · 59 photos,Good,,Foot Locker,London
"Local Guide · 308 reviews · 1,250 photos","Smelly staff, bad service",,Foot Locker,London
Local Guide · 12 reviews,Nice Store,,Foot Locker,London
96 reviews · 209 photos,Has everything you would expect from a foot locker,,Foot Locker,London
55 reviews,Good range,,Foot Locker,London
Local Guide · 102 reviews · 7 photos,Nice,,Foot Locker,London
Local Guide · 118 reviews · 8 photos,Friendly service,,Foot Locker,London
Local Guide · 25 reviews · 39 photos,"Helpful team, good availability",,Foot Locker,London
Local Guide · 119 reviews, ,,Foot Locker,London
Local Guide · 93 reviews · 61 photos,Bought my kicks here,,Foot Locker,London
"Local Guide · 93 reviews · 1,805 photos",win two pairs of yeezy here,,Foot Locker,London
Local Guide · 198 reviews · 157 photos,new stuff for Kilian (10years),,Foot Locker,London
6 reviews,Great place for snapbacks,,Foot Locker,London
Local Guide · 74 reviews · 45 photos,Great people in there,,Foot Locker,London
13 reviews,Great service,,Foot Locker,London
Local Guide · 295 reviews · 21 photos,Wide selection of sneakers here,,Foot Locker,London
"Local Guide · 870 reviews · 1,969 photos",Good choices,,Foot Locker,London
Local Guide · 25 reviews · 45 photos,Great store ,,Foot Locker,London
"Local Guide · 316 reviews · 3,256 photos",Nice shoes!,,Foot Locker,London
Local Guide · 73 reviews · 86 photos,Not that much collections,,Foot Locker,London
Local Guide · 92 reviews · 1 photo,Almost perfect,,Foot Locker,London
Local Guide · 15 reviews · 4 photos,Nice store...,,Foot Locker,London
Local Guide · 40 reviews · 18 photos,Good service.,,Foot Locker,London
Local Guide · 205 reviews · 2 photos,Good store,,Foot Locker,London
"Local Guide · 158 reviews · 3,056 photos",Complete athletic shoe store,,Foot Locker,London
Local Guide · 17 reviews · 41 photos,Goo Customer service,,Foot Locker,London
4 reviews,Excellent service,,Foot Locker,London
Local Guide · 38 reviews · 139 photos,Great place,,Foot Locker,London
Local Guide · 32 reviews · 6 photos,Excellent collection,,Foot Locker,London
Local Guide · 58 reviews · 27 photos,Good location,,Foot Locker,London
Local Guide · 210 reviews · 16 photos,Best footlocker around,,Foot Locker,London
Local Guide · 110 reviews · 109 photos,Nice place,,Foot Locker,London
Local Guide · 128 reviews · 216 photos,Nice choice,,Foot Locker,London
Local Guide · 21 reviews · 36 photos,Service was slow,,Foot Locker,London
Local Guide · 36 reviews,Amazing,,Foot Locker,London
Local Guide · 235 reviews · 68 photos,Shoes. ...,,Foot Locker,London
Local Guide · 171 reviews · 311 photos,Various training shoes,,Foot Locker,London
Local Guide · 32 reviews · 15 photos,nice,,Foot Locker,London
Local Guide · 58 reviews · 12 photos,Good,,Foot Locker,London
Local Guide · 40 reviews · 112 photos,Excellent,,Foot Locker,London
Local Guide · 505 reviews · 24 photos,good shoes,,Foot Locker,London
88 reviews · 123 photos,Many choices,,Foot Locker,London
Local Guide · 148 reviews · 40 photos,Crowed,,Foot Locker,London
14 reviews · 1 photo,King of trainers,,Foot Locker,London
9 reviews · 2 photos,ultra boost,,Foot Locker,London
Local Guide · 226 reviews · 437 photos,Shoe store,,Foot Locker,London
"Local Guide · 241 reviews · 3,359 photos",Nice,,Foot Locker,London
Local Guide · 29 reviews · 144 photos,Good shoes,,Foot Locker,London
Local Guide · 29 reviews · 4 photos,Nice,,Foot Locker,London
2 reviews,"I came across a saleswoman who was not pleasant at all (not smiling or helpful). Luckily I liked the shoes, otherwise I would have left. Too bad !",,Foot Locker,London
"Local Guide · 297 reviews · 2,247 photos",Many products and offers Very good!,,Foot Locker,London
"Local Guide · 319 reviews · 14,766 photos","Very warm welcome, there are many sellers to respond quickly",,Foot Locker,London
Local Guide · 381 reviews · 811 photos,"Showroom known throughout Europe that needs no introduction.
You can find sports shoes from many famous brands.",,Foot Locker,London
Local Guide · 44 reviews · 42 photos,Good prices and promotions,,Foot Locker,London
4 reviews,"Italian shop assistant, very grumpy and with a smile left at home, I bought a pair of shoes but I wanted to leave them there!!!! commerce is an art",,Foot Locker,London
9 reviews · 2 photos,"Nice employees, the cashiers are rude and nervous all the time.",,Foot Locker,London
2 reviews · 3 photos,they gave me two different size shoes,,Foot Locker,London
Local Guide · 108 reviews · 686 photos,"For a French person, great, lots of shoes that you can't find in France, plus Jordans in stock.",,Foot Locker,London
Local Guide · 443 reviews · 415 photos,A chain of sports shoe stores. The store is located in the middle of Oxford Street. nothing special. Average service,,Foot Locker,London
Local Guide · 340 reviews · 267 photos,"Everything is expensive and what was on sale, they didn't find the shoe's partner",,Foot Locker,London
110 reviews,"Very nice store..
A little out of stock",,Foot Locker,London
Local Guide · 453 reviews · 371 photos,Great Pot Locker store like in Israel,,Foot Locker,London
78 reviews · 33 photos,Nice selection. Reasonable prices,,Foot Locker,London
4 reviews,Interesting price and models that are not necessarily found in France,,Foot Locker,London
Local Guide · 26 reviews · 30 photos,Very helpful and patient saleswoman despite my poor English.,,Foot Locker,London
Local Guide · 143 reviews · 566 photos,Expensive store,,Foot Locker,London
Local Guide · 11 reviews · 21 photos,"Affordable prices, many varieties",,Foot Locker,London
Local Guide · 478 reviews · 447 photos,International shoe brands and new models,,Foot Locker,London
Local Guide · 19 reviews,"Gym shoes store, reasonable price",,Foot Locker,London
Local Guide · 143 reviews · 20 photos,foot locker as a foot locker now is. but really big,,Foot Locker,London
3 reviews,Excellent atention ..,,Foot Locker,London
Local Guide · 112 reviews · 150 photos,"There are a lot of assistants, but none of them work properly  ",,Foot Locker,London
Local Guide · 31 reviews · 16 photos,"Sneakers, reasonable price",,Foot Locker,London
"Local Guide · 208 reviews · 2,233 photos",Good service,,Foot Locker,London
5 reviews · 1 photo,They are all liars,,Foot Locker,London
Local Guide · 19 reviews,CAN get better in that,,Foot Locker,London
Local Guide · 257 reviews · 571 photos,Very good lots of choice,,Foot Locker,London
4 reviews · 3 photos,Excellent and everything is there,,Foot Locker,London
7 reviews · 3 photos,Good prices,,Foot Locker,London
Local Guide · 6 reviews · 5 photos,,,Foot Locker,London
62 reviews · 126 photos,Expensive,,Foot Locker,London
Local Guide · 312 reviews · 117 photos,Great service,,Foot Locker,London
2 reviews,,,Foot Locker,London
Local Guide · 235 reviews · 431 photos,,,Foot Locker,London
13 reviews,,,Foot Locker,London
,,,Foot Locker,London
30 reviews · 6 photos,,,Foot Locker,London
,,,Foot Locker,London
6 reviews,,,Foot Locker,London
Local Guide · 49 reviews · 74 photos,,,Foot Locker,London
5 reviews · 1 photo,,,Foot Locker,London
178 reviews,,,Foot Locker,London
Local Guide · 9 reviews · 1 photo,,,Foot Locker,London
4 reviews · 1 photo,,,Foot Locker,London
2 reviews,,,Foot Locker,London
4 reviews,,,Foot Locker,London