Personal profile,Review,Number of likes,Store name,Region
1 review · 1 photo,Bought jordan 4 red thunders the guy that served me was lovely will definitely be buying from here again,2,MrSneaker,London
Local Guide · 122 reviews · 483 photos,"Good selection of rare and limited sneaker, as also in other similar shops, the shoes are packed in foil / cling film to prevent that they get dirty. However there are no price tags at the sneaker, you have to ask the staff. Pricy as expected, decide on your own if it is worth for you. After googleing the price for a specific pair on their website it turned out, that the staff told me a wrong higher price. Dodgy.
Dear crew, why don't invest in some price tags? If your prices change very often, electronic tags would do the job. With more transparency, I'm convinced you are getting more thrust from your customers.",15,MrSneaker,London
Local Guide · 166 reviews · 20 photos,Went to the to value a per of trainer brilliant service,,MrSneaker,London
Local Guide · 38 reviews · 81 photos,"They were very nice, great purchase, ORIGINAL shoes I did the test with the QR code !!!! If I return to London I will return for a new purchase  from Italy ",,MrSneaker,London
3 reviews,"insane quality, been here a few times, good service, good prices",,MrSneaker,London
3 reviews,"A great shop filled with amazing selection of trainers to choose from. Something for everyone! Had a really nice chat with the owner, kind, knowledgeable and has love for trainers. Customer service via WhatsApp communication spot on. Been here before 10 years ago and it was great to visit again. Great to support a small business",,MrSneaker,London
1 review · 3 photos,The shop sells fake trainers. I can post the the photos and I can post the receipt. And you've got to laugh at all the fake reviews that on here,17,MrSneaker,London
Local Guide · 53 reviews · 76 photos,Wow this is an amazing store with a lot to offer. Worth a visit for a sneaker head,4,MrSneaker,London
Local Guide · 498 reviews · 737 photos,"Lots of pairs on display, even more in their stockroom and tons online. Decent selections on display of AM1s, AM90s, AM95s, Dunks and then for Jordan Brand they have 1s, 3s, 4s, 5s, 6s and 7s on display.",,MrSneaker,London
7 reviews,Went to sell a pair of Yeezys and was met by very professional yet friendly people. I was honestly delighted to see how well their service was and h the people that work there have a lot of integrity. 100% would recommend and will be back to get some shoes off my bucket list!,,MrSneaker,London
8 reviews,"One of most scammer place in east end .
All of them replica  or copy but they force to prove themselves genuine and asked for £50 trainer £500.These made somewhere in jungle . They must need to report standard trading agency. I will do it personally.",3,MrSneaker,London
Local Guide · 71 reviews · 1 photo,"Meteor Sports from the late 90s was the place to find those  imports. I still remember walking to this establishment for the first time back in 99 being mesmerised by the wall to wall of Tns and 95s.
Great memories great times that will never be replicated a bygone era.",2,MrSneaker,London
Local Guide · 9 reviews · 8 photos,"Ordered on Sunday, dispatched Monday, arrived Thursday. No issues whatsoever and was worried due to the reviews but took the risk as they had a flash sale.",,MrSneaker,London
Local Guide · 87 reviews · 70 photos,"Rude obnoxious p*@$ks to be honest. Would rate them 0 stars. No need to be rude and arrogant but unfortunately, thats what you're getting if you deal with these goons. Says they didn't wanna buy them, I didn't wanna sell them to people that were just plain disrespectful. Hide behind a keyboard? you're a business and google asked for a review. I gave my honest opinion and your response just shows that your the kind of business that wants confrontation on your door by suggesting I should have said something to your face instead of behind a keyboard. Don't act like you didn't wanna buy em. I just didn't wanna sell them to you at the price you were offering. What's wrong with that. It was your sarcastic I'll give you £20 for a product that you're selling at £300 remark that made you look rather muggy. From there I didn't wanna deal with you.",11,MrSneaker,London
3 reviews,Very good shoes but sadly they didnt have any basketball shoes so we just had a look around . Very nice Nike shoes,,MrSneaker,London
2 reviews,"I ordered shoes online more than 10 days ago and haven't received them when I opted for 3 to 5 working days delivery. After that, I called the store to ask what happened and they said they would send them that night, and went on to text me on WhatsApp. They lied, the shoes didn't arrive. The next day they said they would send them but they didn't. Until now, I haven't received my shoes. I don't know why they're lying to me and wasting my time. Such a disgusting experience. You're better off getting your shoes from Nike instead of there. I hope after this review they will send them or give me a refund.",10,MrSneaker,London
Local Guide · 33 reviews · 113 photos,Nice collection. From the cheap one until expensive one,2,MrSneaker,London
6 reviews,"Great place and amazing staff ;)
Superb,  quick with replying  to emails ,phone calls
- extremly helpful.
Great London sneakers store ,would recommend to everyone !
Thank you for all your hard work and extremely nice services.
Wishing you all the best in 2021 !
Jo x",1,MrSneaker,London
34 reviews,"So many trainer's,your spoilt for choice,took my son there to get him a pair of Jordan 4s (£410 I might add)but he just stood there,he didn't know which one's to pick, after half hour,he picked up a pair and said yes dad these's are the ones  ",,MrSneaker,London
26 reviews · 8 photos,"Sold Travis Scott AJ1 reverse mocha there at a decent price. Was instantaneous, no issue to report. The prices in the store seem a bit high though!",4,MrSneaker,London
2 reviews,"Either sold me reps or b grades. Bought off white lots from them and on the fourth wear they are already starting to separate. I paid way over resale for these, which I do not have an issue with but paying that price I would expect to get what I paid for",9,MrSneaker,London
Local Guide · 51 reviews · 89 photos,Really helpful and friendly staff. Matched with an incredible range of shoes. Only a four star because their website shows prices for shoes that are out stock.,2,MrSneaker,London
3 reviews,Do you guys do sneaker authentication,,MrSneaker,London
7 reviews · 2 photos,"Amazing collections and some rear gems.
Great staff that are helpful and knowledgeable about what they sell.
Worth a visit and make sure you got your credit card as you will over spend if your a sneaker head.",,MrSneaker,London
4 reviews · 2 photos,"It is amazing, very nice. The people there are very nice. I want to get a job there.",2,MrSneaker,London
6 reviews,"I ordered a pair of SW 1/97, and they came through during the lockdown. Mr Sneaker is very professional and promptly responds to any questions via email or by phone. Yes it can be expensive but that is the current market and you are paying for the reputation built and also the fact that Mr sneaker has a store front and has to battle London rent etc. I highly recommend!",,MrSneaker,London
Local Guide · 50 reviews · 30 photos,"If this place ever opened on time I'd be able to rate the shop. But considering I came here twice at 11.30 (and waited in the rain) and it was closed, I had to go to JD and SNS and buy some GRs instead of the cash I had to buy some grails. Extra star for consistency on being late. Update your open times.",8,MrSneaker,London
Local Guide · 90 reviews,"The store has some really cool items and the owner seems like a nice guy. However, the majority of the price points are completely inaccessible & some of the more recent models have hugely inflated prices when they are still in stores elsewhere!",1,MrSneaker,London
7 reviews,Best Sneaker store in the UK without a doubt. Best place to purchase your most limited and Exclusive sneakers with peace of mind. Would definitely recommend popping in and having a look at what they have to offer,3,MrSneaker,London
2 reviews,Fantastic place. I think it's family owned. People seem really passionate about their jobs over there and have very good knowledge about sneakers. Forget footlocker or any other nonsense. If you are a real sneaker fan this is THE place. I had been looking for Nike Aire Max 1 OG for years. I'm 40 now. Those shoes bring me back to my youth. They said they can find them for me. Fantastic. Only negatives: 1) email they supplied to me doesn't seem to work. 2) no website yet. I think a website would benefit their business hugely. Omar,3,MrSneaker,London
2 reviews,"This is one of my favourite stores to visit in terms of buying exclusive trainers and staff are very knowledgeable on shoes and prices are reasonable as its only this store that will more than likely have the shoe your after great customer service and very pleasant as I customer they really take the time to help you find exactly what your looking for

Thank you and Ill be definitely be visiting again",,MrSneaker,London
1 review,"bought 2 trainers in sneakerness,happy with the buy but price is much higher than the other sneaker seller for same trainers which i know later.would love to come to ur store for more trainer but because of ur price i need to doublethink.else everything is 10/10....product is authentic",,MrSneaker,London
13 reviews · 1 photo,"Good collection of Jordans and some Yeezys. Definitely worth a visit but beware of fakes. Most of the shoes look real, but I caught 2 pairs that are pretty sketchy. Not exactly the prettiest place to shop as well.",4,MrSneaker,London
1 review,Well over priced for some certain trainers which can literally be found down road for 100-150 cheaper. Also some of the older models look questionable on authenticity.,1,MrSneaker,London
18 reviews · 15 photos,"Best place for sneakers. They got old school trainers, if you're looking for any it's all there. Exclusive, vintage, one offs & discontinued all under one roof.",1,MrSneaker,London
1 review,This place is amazing great customer service and the best sneakers ever plus there legit also want to say there is an amazing staff member called ally big ups to him,1,MrSneaker,London
1 review,"Amazing store, always have latest and updated limited edition pairs! Will definitely shop again from there",1,MrSneaker,London
2 reviews,"Purchased the Jordan 4 PSG, delivery quick and the quality and authenticity are amazing. Definitely be making more purchases soon",,MrSneaker,London
1 review · 3 photos,"Highly Exclusive and premium quality sneakers from Nike and Adidas that are in high demand or newly released in USA, you can buy them here at MrSneakers instantly in London.",,MrSneaker,London
2 reviews,This store is the best lovely service authentic rare and beautiful sneakers and kind staff such as ally,,MrSneaker,London
21 reviews · 1 photo,Terrible prices and staff seem uninterested. Come here if you want to get ripped off!,1,MrSneaker,London
Local Guide · 34 reviews,"Best specialized trainers store in London. If you're looking for something special, you'll probably find it here.",,MrSneaker,London
11 reviews,Amazing staff would 100%recommend,,MrSneaker,London
11 reviews,Trainers are 10000% fake & sold at higher prices real bad energy in the shop Defoe not trust worthy,3,MrSneaker,London
1 review,Fake sneakers!! Shop is looking very strange and the prices are unrealistic.,3,MrSneaker,London
11 reviews,Fake sneakers.  If you're buying from here get it legit checked.  I was shocked,1,MrSneaker,London
1 review,"Poor service, only care if youre a VIP/celebrity customer. Only positive is that there is parking outside.",2,MrSneaker,London
16 reviews,The choice of trainers is unbelievable they have amazing choices,1,MrSneaker,London
Local Guide · 77 reviews · 17 photos,First visit at this store. Great product availability. Will be back soon,,MrSneaker,London
8 reviews,Great place if you like your sneakers Nike. For Adidas fans the selection is extremely limited.,1,MrSneaker,London
2 reviews,Came here from New York and had a lot of money for shoes so they took real good care and they helped me a lot thank u,,MrSneaker,London
20 reviews · 1 photo,"best sneaker store in London .......... quick and informed customer service , def coming back ......",,MrSneaker,London
14 reviews,Unbelievable trainers the widest and best in London must see for all trainer lovers.,1,MrSneaker,London
Local Guide · 56 reviews · 1 photo,If you're after a rare or exclusive sneaker this is the place for you! I doubt you won't find what you're looking for at a competitive price,,MrSneaker,London
24 reviews · 14 photos,Top mam has some hidden gems.....well recommended .,,MrSneaker,London
97 reviews · 5 photos,"Widest range of trainers in the UK. If you're a serious sneaker head, you NEED to check them out.",1,MrSneaker,London
Local Guide · 136 reviews · 184 photos,Love this shop been going there for years Owners are great too  ,1,MrSneaker,London
6 reviews,Very friendly staff and helpful. I am happy to visit again.,,MrSneaker,London
21 reviews · 10 photos,"Good service, good stock selection, highly recommended",,MrSneaker,London
2 reviews · 1 photo,Looked amazing keep it up,,MrSneaker,London
Local Guide · 252 reviews · 320 photos,Good selection but staff ignore people.,1,MrSneaker,London
7 reviews · 1 photo,Lovely people would shop again,,MrSneaker,London
1 review,Nice shop for sneakerheads but much spicy. The personal was much offensive,,MrSneaker,London
Local Guide · 76 reviews · 69 photos,Best shop for trainers in England.,1,MrSneaker,London
2 reviews,yes do u have yeezys do you have in a size 7.5 and how much,,MrSneaker,London
8 reviews,Very good quality and shoes are REAL!,,MrSneaker,London
Local Guide · 25 reviews · 1 photo,"Top service, polite staff and very helpful.",,MrSneaker,London
Local Guide · 76 reviews · 4 photos,Excellent shop excellent sales service by the best,,MrSneaker,London
2 reviews,I really love this shop it has lots of sneaker,,MrSneaker,London
7 reviews,Very nice collections of trainers,1,MrSneaker,London
4 reviews,Good store.... Reasonable price,1,MrSneaker,London
Local Guide · 54 reviews · 6 photos,Cool shop,2,MrSneaker,London
Local Guide · 55 reviews · 20 photos,Quality selection of rare trainers and exclusives,,MrSneaker,London
Local Guide · 34 reviews · 15 photos,All the limited trainers you could think off,,MrSneaker,London
Local Guide · 36 reviews · 2 photos,Dope sneakers but some of them are abit expensive,1,MrSneaker,London
1 review,best sneaker store in london  ,,MrSneaker,London
Local Guide · 650 reviews · 11 photos,Cheap prices good variety,,MrSneaker,London
15 reviews,Great place cool sneakers,1,MrSneaker,London
7 reviews,"Top Seller
Top service
Premium Experience",,MrSneaker,London
Local Guide · 94 reviews · 173 photos,Great  ,,MrSneaker,London
2 reviews,"Nice, awesome sneakers",,MrSneaker,London
5 reviews,Best place to buy sneakers!,1,MrSneaker,London
Local Guide · 40 reviews,OG shop got the heat,,MrSneaker,London
Local Guide · 55 reviews · 53 photos,Dope spot,,MrSneaker,London
3 reviews,Top sneakers top prices,1,MrSneaker,London
2 reviews,Awful.,1,MrSneaker,London
3 reviews · 1 photo,Fakes.  All fakes.,3,MrSneaker,London
Local Guide · 46 reviews · 1 photo,Wow,,MrSneaker,London
Local Guide · 71 reviews,House of variety,,MrSneaker,London
Local Guide · 25 reviews · 89 photos,"Hello, how long does it take to send them to Spain? I placed the order on the 12th and it still hasn't arrived.",,MrSneaker,London
6 reviews,"Huge, all the pairs at the moment! Besides, we can try.",,MrSneaker,London
Local Guide · 17 reviews · 286 photos,The sneakers of your dreams are in this place,,MrSneaker,London
1 review,,,MrSneaker,London
Local Guide · 23 reviews · 32 photos,,,MrSneaker,London
Local Guide · 22 reviews · 7 photos,,,MrSneaker,London
2 reviews,,,MrSneaker,London
,,,MrSneaker,London
5 reviews,,,MrSneaker,London
4 reviews · 1 photo,,,MrSneaker,London
7 reviews,,,MrSneaker,London