Personal profile,Review,Number of likes,Store name,Region
5 reviews · 4 photos,"Brought two pairs of Jordon 4s both damaged, returned and found every pair in store are damaged. Then he gets Detol wipes out and starts wiping them the try get the stains off.  Then manger said they come will small defects from the suppliers. So I ask for a new pair with no marks on and he said you have to deal with the ones you have and no refund even though they didnt have a trainer to swap as all 9 pairs were damaged. Absolutely shocking experiences should have stuck to a main retailer. Worse experience ever buying trainers!!!! £900 two pairs of damaged goods shocking!!!",,OffGrid,London
8 reviews · 6 photos,"Visited OffGrid on numerous occasions now! The staff are great, extremely helpful, and the selection provided is always top quality. Ive bought two pairs from OffGrid and will be returning again soon",,OffGrid,London
6 reviews,Wish Id read the reviews before my son bought a pair of Jordan 4s today! Get the home to find they are absolutely shocking quality with glue everywhere on them & chips out of the sides! Will be taking them back tomorrow! I cant believe their allowed to sell trainer like this!,,OffGrid,London
1 review,"I needed to purchase my son a pair of Jordan 4s for Christmas, this was becoming a nightmare as I couldnt find any where that wasnt selling them at an extortionate price. I then saw OffGrid in Westfield and found the Jordans he wanted at a price that was reasonable. The gentleman in the shop was so helpful and polite and was able to answer my hundreds of questions. Shopping here was an amazing experience and it left my son so happy on Christmas Day. Thank you OffGrid for your help.",,OffGrid,London
Local Guide · 46 reviews · 2 photos,Amazing service decent prices. Great collection.,,OffGrid,London
3 reviews,amazing selection and really nice staff. will be coming back again,,OffGrid,London
2 reviews,"I just brought a few pairs of trainers as Christmas presents. The quality is absolutely shocking!! It looks like theyve been worn. Ive contacted the store again and been told that they will not help me whatsoever! Definitely avoid this trainer shop, i spent over £1000 and the customer service is terrible",,OffGrid,London
6 reviews,Great selection. Super friendly and helpful staff.,,OffGrid,London
2 reviews,"Dont waste your money!! Received damaged Jordan 4s and when trying to return, I was told theres nothing they can do its down to the manufacturer. The manager is very rude and laughed off my complaint so I advised I will take further action if not resolved and his response was are you threatening me bruv
Please avoid, the quality is absolutely shocking!",,OffGrid,London
1 review,"Been to one of their branch in White City, Westfield, one of their staff, Moe really helped me a lot and been really patient to guide me as to which one is best to buy since I dont have any idea about jordans and dunks, really accomodating and all. I would highly reco going there.",,OffGrid,London
4 reviews,"Came in and was greeted warmly by the team (Sofia, Lia, Jimmy) who helped massively with my enquiries and managed to put a smile on 2 young lads faces. Would defo recommend these guys if you ever need support ",,OffGrid,London
3 reviews,"Delighted to buy my first pair of Jordans at offgrid, was a 10/10 experience, the worker jawad was extremely helpful with amazing customer service!",,OffGrid,London
2 reviews,"Excellent customer service, bought a new pair of Nike dunks, highly recommend coming to Offgrid for your trainers.",,OffGrid,London
7 reviews,Great selection of exclusive trainers!,,OffGrid,London
2 reviews,"I had to give a very undeserved 1 star rating to be able to write a review, staff may well be lovely and helpful,but rightly so at  those prices but management  let's them down terribly,very rude to customers",,OffGrid,London
5 reviews,"Excellent service by Mo! Was buying a Christmas present, gave me excellent advice on range of shoes and whats trending!",,OffGrid,London
2 reviews,"Great customer service, everyone that works there was welcoming and friendly I had a great experience.",,OffGrid,London
1 review,"Grate customer service, people were brilliant in the shop, would highly recommend!",,OffGrid,London
1 review,Just soo welcoming so many Beautiful shoes to look at,,OffGrid,London
8 reviews,The Mrs was delighted with her shoes. Happy wife happy life.,,OffGrid,London
2 reviews,Great customer service by Jimmy,,OffGrid,London
Local Guide · 69 reviews · 40 photos,Very expensive,,OffGrid,London
2 reviews,Good customer service,,OffGrid,London
2 reviews,,,OffGrid,London
8 reviews · 3 photos,,,OffGrid,London