Personal profile,Review,Number of likes,Store name,Region
3 reviews,"I purchased these boots in two colours and they are stunning. The leather is soft, the heel is sturdy and high without being uncomfortable. I was also able to purchase these at a great price as they were on sale. This is the third pair of shoes I have purchased from this particular shop and I am always very impressed with the quality of the products and the friendly customer service.",,"OFFSPRING London, Camden",London
1 review,"Called in to check stock and the manager who answered the phone was extremely rude and curt. Doesnt hurt to be courteous! Wont be going anywhere near this store. If the manager behaves like this, how do you expect the staff to behave??",,"OFFSPRING London, Camden",London
Local Guide · 8 reviews · 6 photos,"Quite bad service from the team, we waited 30min for our size to be told it wasnt available. Not the best customer service experience :/
Manager was clearly trying to speed up the team unsuccessfully",,"OFFSPRING London, Camden",London
15 reviews · 17 photos,Very good variety of trainers and the staff are very polite and very helpful,,"OFFSPRING London, Camden",London
1 review · 7 photos,Smashed my box drew all over it. Staff horrible and take stuff for themselves. Horrible shop never go to it.,1,"OFFSPRING London, Camden",London
2 reviews,"The customer service was subpar, and the staff exhibited discourteous behavior.",,"OFFSPRING London, Camden",London
6 reviews,"Every time I walk in this store I experience the worst customer service I have ever experienced in my whole life. One they was nice today but the other colleague, super rude also closed the door on me as I was the last one leaving. Lied about not having a size that I clearly see in display, lol.",2,"OFFSPRING London, Camden",London
15 reviews · 1 photo,The staff is very friendly. the sneakers are of good quality!,,"OFFSPRING London, Camden",London
4 reviews · 1 photo,"Always friendly when walk in this store good selection of trainers and nice to be welcomed with a smile by the staff
Summer is very helpful and good at what she does  ",,"OFFSPRING London, Camden",London
"Local Guide · 133 reviews · 2,058 photos","Good deals and discounts are offered to order online from website. Sometimes the prices of shoes are way lower than the price mentioned on company's website. I purchased Adidas and Nike pairs and that model was not listed on official websites.
Highly recommend it.",3,"OFFSPRING London, Camden",London
2 reviews,"Went here today with my neurodivergent friend, staff were very patient, helpful and friendly. Thank you Debbie and Gerry",1,"OFFSPRING London, Camden",London
3 reviews,Debbie was very kind when collecting a raffle win. Highly recommend for quality service with a great range of shoes!,,"OFFSPRING London, Camden",London
15 reviews · 1 photo,The two staff were chatting about their life and ignored us... left without buying anything,,"OFFSPRING London, Camden",London
9 reviews · 2 photos,I bought some shoes for 160£ and after I checked online on the official Nike web site are 30£ cheapest!! Such a shame! Be careful before buying in this shop.,2,"OFFSPRING London, Camden",London
4 reviews · 3 photos,I am banned from da store due to being a sneaker enthusiast (not da resellah) not sure cos Megan used 2 back door us flex members for £20 on top so not sure y they ban me #freeducky2active,6,"OFFSPRING London, Camden",London
19 reviews · 1 photo,"Best sneaker shopping experience yet! Summer was incredibly nice and helpful, made my week.",,"OFFSPRING London, Camden",London
Local Guide · 11 reviews · 25 photos,Didn't buy anything but they had an amazing sale running for some pretty cool shoes. Nothing is overpriced,,"OFFSPRING London, Camden",London
3 reviews,"Passed 1 day for return because i was away on holiday for 3 weeks, kindly asked manager of the store if i could return but she refused straight away, clearly she cares more about company policy then going above and beyond for their customer.  How she is manager of the store???",2,"OFFSPRING London, Camden",London
5 reviews · 1 photo,"Increidly rude staff, especially Megan. Was refused service multiple times. Shall never shopping there again. Flex Workshop>Peachy pings",5,"OFFSPRING London, Camden",London
Local Guide · 94 reviews · 188 photos,"The worst deal ever!!!!!!! I bought shoe's there and the same shoes with the same colour and size at the next store was 20 pounds cheaper!!!!!!
I ask the shop were i have bought it to give them back or to get a discount -> no way!",2,"OFFSPRING London, Camden",London
Local Guide · 138 reviews · 1 photo,Staff standing around talking and one young girl really rude. There was a mixed race girl with bobbed hair that was super polite though.,,"OFFSPRING London, Camden",London
Local Guide · 36 reviews · 69 photos,Last week a bought 1 para trainers from shop and  camden market and both trainers are right side and diferent size  ,,"OFFSPRING London, Camden",London
Local Guide · 179 reviews · 125 photos,"A small store but stocked to the ceiling with cool sneakers with a selection offside JD Sports and Foot Locker. If you're looking for some new heat for your feet , swing by here.",2,"OFFSPRING London, Camden",London
Local Guide · 21 reviews · 8 photos,called up this store to check on stock after I went to a different store that told me this store had a pair. The representative on the phone was not friendly and I was given rude responses.,1,"OFFSPRING London, Camden",London
14 reviews,Best sneaker shop,,"OFFSPRING London, Camden",London
Local Guide · 34 reviews,Very helpful and friendly staff... as it was raining hard outside they double bagged my shoe boxes so they didn't get ruined,1,"OFFSPRING London, Camden",London
1 review,"store refused to sell me a pair of Dunks in my own size?

Confused",3,"OFFSPRING London, Camden",London
9 reviews,Used to the brand and went in as usual for a browse but really off putting vibe from the group of guys ALWAYS standing outside. Very confusing why theyre always there.,1,"OFFSPRING London, Camden",London
10 reviews · 1 photo,"Disgraceful service, drew all over the box where the shoe was a birthday present.",1,"OFFSPRING London, Camden",London
Local Guide · 30 reviews · 3 photos,"I was well received and advised, even there were quite a crowd in the store.",,"OFFSPRING London, Camden",London
1 review,Worst customer service Ive experienced rude and entitled.,1,"OFFSPRING London, Camden",London
"Local Guide · 254 reviews · 4,650 photos",The shop is been going forever and they do have some great trainers,1,"OFFSPRING London, Camden",London
Local Guide · 302 reviews · 216 photos,"Friendly staff, great selection of trainers",2,"OFFSPRING London, Camden",London
Local Guide · 244 reviews · 396 photos,Great selection of shoes .,,"OFFSPRING London, Camden",London
Local Guide · 64 reviews · 9 photos,Nice trainers but cost a lot!,,"OFFSPRING London, Camden",London
1 review,they stole my coke,,"OFFSPRING London, Camden",London
7 reviews,Nice staff got what i needed,,"OFFSPRING London, Camden",London
Local Guide · 17 reviews · 14 photos,Perfect,,"OFFSPRING London, Camden",London
5 reviews,Good service good trainers,,"OFFSPRING London, Camden",London
1 review,Fake,,"OFFSPRING London, Camden",London
1 review,Very good place !,,"OFFSPRING London, Camden",London
Local Guide · 166 reviews · 222 photos,"Camden, love it.",,"OFFSPRING London, Camden",London
Local Guide · 232 reviews · 1 photo,Nice trainers,2,"OFFSPRING London, Camden",London
2 reviews · 1 photo,Great service,1,"OFFSPRING London, Camden",London
7 reviews,Amazinf,,"OFFSPRING London, Camden",London
1 review · 1 photo,"I had a really good time, lots of quality sneakers and a very welcoming and kind staff, very helpful.",,"OFFSPRING London, Camden",London
30 reviews · 14 photos,"Bad. I frequent this store a lot because they usually have good deals, but yesterday I bought a size 44 and a 40.5 shoe, and today I went back for another 40.5 and a sales assistant told me that she didn't want to work because there weren't ",,"OFFSPRING London, Camden",London
Local Guide · 797 reviews · 991 photos,Store with a large assortment of branded sneakers.,,"OFFSPRING London, Camden",London
2 reviews,More expensive in store than on the Nike website,,"OFFSPRING London, Camden",London
Local Guide · 83 reviews · 1 photo,,,"OFFSPRING London, Camden",London
Local Guide · 26 reviews · 199 photos,,,"OFFSPRING London, Camden",London
Local Guide · 52 reviews · 426 photos,,,"OFFSPRING London, Camden",London
Local Guide · 19 reviews · 19 photos,,,"OFFSPRING London, Camden",London
3 reviews,,,"OFFSPRING London, Camden",London
1 review,,,"OFFSPRING London, Camden",London
9 reviews · 4 photos,,,"OFFSPRING London, Camden",London
5 reviews,,,"OFFSPRING London, Camden",London
Local Guide · 6 reviews,,,"OFFSPRING London, Camden",London
Local Guide · 13 reviews · 129 photos,,,"OFFSPRING London, Camden",London
Local Guide · 6 reviews,,,"OFFSPRING London, Camden",London