Personal profile,Review,Number of likes,Store name,Region
2 reviews,Was a pleasure being served by Teal. Made my time and experience a very easy and smooth process as I came in to trade some shoes and he made a very fair offer. Defo would be coming in again because of  the great and amazing service.,,OG Kicks,London
1 review,"Solid bunch of lads. Who worked there. Dealt with Ryan. Went into sell some trainers, and their offer was very fair. Even let me think about it and come back. ",2,OG Kicks,London
2 reviews · 1 photo,I am very satisfied with the service from Ogkicks. Ordered a pair of shoes and was delivered to my house within 3 working days. Very quick and am happy with the product I received. Will definitely purchase again from them.,,OG Kicks,London
4 reviews,"Honestly the best shopping experience. Attentive staff, amazing selection, and awesome vibes. Bring your friends and family  ",,OG Kicks,London
1 review,"They only let me try on one pair of trainers and then refused to let me try on another. The guy at the counter hesitated, looked at me and said they were expensive shoes and fit the same as the first pair. My brother in Christ, if theyre ",,OG Kicks,London
1 review,Great customer service and a smooth process selling my Jordans. Would definitely recommend.,,OG Kicks,London
Local Guide · 11 reviews,"OGKicks is my go-to destination for sneakers. The staffs are user-friendly and they offers a wide range of options. Prices are reasonable, and the quality is top-notch. Overall, a trusted plqce for sneaker aficionados. Highly recommended!",1,OG Kicks,London
6 reviews · 3 photos,Freindly staff excellent prices helpful and very well organised,1,OG Kicks,London
3 reviews,"OGKicks takes pride in delivering exceptional service to every customer. From the moment you step in, the staff at OGKicks ( especially teal and elian) Greets you with genuine enthusiasm and a wealth of knowledge about the latest sneaker trends. Their commitment to customer satisfaction is evident as they assist you with personalized recommendations, ensuring you find the perfect pair. OGKicks have a wonderful selection of the newest trainers, Also a very vibrant store with the best of prices.",,OG Kicks,London
2 reviews,"Amazing service, staff so friendly, also very quick when sourcing products all round great service",,OG Kicks,London
2 reviews,Very gigantic selection. i was quite flabbergasted after walking in and seeing the shoes. ,3,OG Kicks,London
1 review,Great place and such a good range. Very decent prices.,,OG Kicks,London
40 reviews · 6 photos,A retailer that doesn't comply with the consumer protection and makes customer to take further actions to get their rights honoured,,OG Kicks,London
2 reviews,"Scammers. They buy discounted trainers from other shops and resell them out a higher price! Selling Uggs from Schuh that are priced at £110 for £198, avoid!!",,OG Kicks,London
3 reviews,"Went in store to sell a Supreme x Burberry tee with a slight flaw. They were very happy to help me, whilst the guy I was dealing with went to the back to check the item and get the money, the girls by the till instead of just doing their ",1,OG Kicks,London
3 reviews · 1 photo,"Great shop, large variety of clothing and great service!",1,OG Kicks,London
4 reviews,"Sourced me a trainer I was trying to find for ages within 48 hours, excellent service, thank you  ",,OG Kicks,London
3 reviews,nice quick and easy got the price i wanted. i recommend this place.,,OG Kicks,London
60 reviews,Staff are sooo helpful and friendly. I like the OG Kicks way of dealing with their customers. Thank you,1,OG Kicks,London
11 reviews · 1 photo,Best sneaker shop in London.. Look nowhere else!! 100/100 service.,1,OG Kicks,London
2 reviews,"i had an exceptional experience at ogkicks in London. The store boasts an impressive variety of trendy sneakers that cater to all tastes. The staff is incredibly knowledgeable and helpful, they took the time to understand my needs and ",2,OG Kicks,London
3 reviews,Good prices Great store Good shoes good location,,OG Kicks,London
2 reviews,A  upcoming business that offers a variety of unique shoes followed by a very good customer service  to a very good and prestine standard. Would highly recommend to other fellow customers .,1,OG Kicks,London
5 reviews,Great place to sell.. Super friendly staff.,,OG Kicks,London
2 reviews,"So pleased that OG KICKS now has a store open in London.
The staff are always helpful and welcoming and the store has a great vibe! with the best section of heat for fair prices. Thanks to all the team!",1,OG Kicks,London
1 review,"10/10 experience, easy to sell  ",,OG Kicks,London
3 reviews,"The Best Shoe Store in London. Plain and simple.

-Friendly + Knowledgeable Staff
-Every Shoe you can imagine
-Amazing selection of designer clothing
-Central location, 5 minute walk from Oxford Circus Station.
-Budget for everyone

Only store offering Buy, Sell, Trade & Consignment. Best in the Game 

Big Shoutout to Ryan; keep it up man ",1,OG Kicks,London
5 reviews,"What an impressive Flagship Store this is ,
Huge shout out to Ryan & Till who made me feel I was a real person & not just a number.
This store , Shop has all the latest rare & sold out footwear in store ready to purchase ..Best service & store I've ever been in / A1 polite service ( the staff obviously are hand picked as they new every thing about trainers & my questions were all replied within seconds ) I was in & out within 6 mins & was given a super cool free bag with my new purchase... Store Manger Till & the owner Ryan provided the best customer service I've  ever received & wishing them  both every success in the future.
A1 service received from every member of staff.",2,OG Kicks,London
1 review,Good place nice selection with good prices for both used and new shoes,1,OG Kicks,London
2 reviews,Very fast payouts if you have any limited shoes to sell.,1,OG Kicks,London
1 review · 1 photo,Excellent service and friendly staff,1,OG Kicks,London
1 review,Good service good place to sell as well as buy,,OG Kicks,London
1 review,"Service was very quick and easy process. Easy to sell my shoes. Staff were lovely and welcoming, especially Tj.",1,OG Kicks,London
1 review,"Very neat, unique, exquisite store. staff are fantastic and very respectful. Will definitely recommend coming here.",1,OG Kicks,London
2 reviews,"Excellent customer service. Staff are so kind, especially the manager Teal. Great collection in store. Would definitely recommend visiting.",1,OG Kicks,London
1 review,Great service from everyone working there. Selling shoes couldnt be easier agree a price with the owner and bring them in. Really good selection and would recommend to anyone,,OG Kicks,London
1 review,"Lovely shop, great experience and customer service, will definitely be going there again!",1,OG Kicks,London
1 review,Good and easy place to sell shoes.,,OG Kicks,London
1 review,They gave me a great price good ppl down there.,1,OG Kicks,London
2 reviews,"Best shop for sneakers in London good range to choose from and super friendly staff, must visit!",1,OG Kicks,London
2 reviews,"Amazing sneaker store! Service was excellent, especially Tj. Would definitely visit again.",1,OG Kicks,London
3 reviews,"The best place Jordan 4s and Jordan 1s. Jordan 4s for men starting at the price of 400£, and for children from 198£. Great location, service and 100% original shoes!",1,OG Kicks,London
1 review,Great customer service and best prices in london,1,OG Kicks,London
4 reviews,"Amazing store, TJ and Elian were very helpful  ",1,OG Kicks,London
1 review,Great customer service with amazing staff. Would definitely come back and recommended to friends. Tj and teal were great.,2,OG Kicks,London
1 review,"Great service, very helpful and guided us well
Was happy with the outcome.
Would  highly recommend",1,OG Kicks,London
2 reviews,Excellent staff  every shoe and all sizes  in stock!!,1,OG Kicks,London
1 review,Great experience best shop Ive been to,1,OG Kicks,London
2 reviews,Best customer service and friendly staff,1,OG Kicks,London
4 reviews · 1 photo,"One of the best shops in London right now .
Great and reliable service . Would definitely recommend buying your creps from here !",1,OG Kicks,London
5 reviews,"TJ, Adnan, yousra had amazing service and really helped me come to a decision with a pair of shoes I wanted. Highly recommend you check out their store",1,OG Kicks,London
3 reviews,Excellent customer service helped me with everything i asked for,1,OG Kicks,London
2 reviews,"Very beautiful store, Staff are very well spoken and helpful.",1,OG Kicks,London
1 review,Very good selection & of course lovely staff very cheeky and makes you feel taken care of :),1,OG Kicks,London
2 reviews,"Adnan, yousra and TJ were very helpful and friendly. Patient too as I am very indecisive and helped me find the perfect shoe",1,OG Kicks,London
1 review,Brilliant service friendly staff and best selection. Shoutout Tj and Shammy,1,OG Kicks,London
1 review,"had a good experience, staff were very welcoming and helpful :)",1,OG Kicks,London
1 review,"Excellent shop, great aesthetic.",1,OG Kicks,London
1 review,top tier customer service,,OG Kicks,London
2 reviews,"10/10 customer service. staff are always happy to help, would definitely recommend stopping by!!",1,OG Kicks,London
11 reviews · 3 photos,Very good service and decent deals on the shoes I sold.,1,OG Kicks,London
1 review,"beautiful store, wonderful layout, great customer service",1,OG Kicks,London
2 reviews,Great experience selling would come again,1,OG Kicks,London
1 review,Great service love the shop,,OG Kicks,London
1 review,"I like the store , very large choice , tj was really serviable , i recommande ",1,OG Kicks,London
2 reviews,"great experience , bought why so dads from here",1,OG Kicks,London
2 reviews,"Excellent prices, good variety of shoes",1,OG Kicks,London
1 review,Friendly staff and superb store,1,OG Kicks,London
2 reviews,"Tj was very helpful and extremely patient constantly helping me, 5 star service!",1,OG Kicks,London
2 reviews,"Great hospitality and would recommend anyone else who is coming by to check it out!
Thanks Tj and Teal :)",1,OG Kicks,London
1 review,Great service and friendly staff.,1,OG Kicks,London
2 reviews,very nice people and wonderful customer service,1,OG Kicks,London
4 reviews,"Huge selection of used and new shoes, best place to find all of the exclusive releases",2,OG Kicks,London
1 review,Good place to sell,,OG Kicks,London
Local Guide · 30 reviews,Very small variety of shoes I practically walked in and out in less than a minute.,,OG Kicks,London
1 review,"Very nice shop, tj was super sweet",1,OG Kicks,London
2 reviews · 1 photo,Very fast service and staff were amazing.,2,OG Kicks,London
4 reviews · 3 photos,"Great stock, even better service",1,OG Kicks,London
2 reviews,Great experience was very helpful TJ was very helpful,,OG Kicks,London
1 review,"Tj was very serviable , thanks a lot�� ",1,OG Kicks,London
2 reviews,"To the crew at OG Kicks Soho, looked after us, 2nd to none",1,OG Kicks,London
1 review,Very helpful and friendly staff,1,OG Kicks,London
4 reviews,"Great store , Great selection",1,OG Kicks,London
1 review,Exceptionally helpful and friendly staff,1,OG Kicks,London
1 review,cheapest resell shop in london,1,OG Kicks,London
Local Guide · 28 reviews · 6 photos, ,1,OG Kicks,London
3 reviews,Great service,1,OG Kicks,London
1 review,I love this shop,1,OG Kicks,London
2 reviews,Great staff!!,1,OG Kicks,London
4 reviews · 3 photos,Amazing experience.,1,OG Kicks,London
1 review,"Amazing customer service, always has fire shoes!!",,OG Kicks,London
2 reviews,"Banging Store, best prices cant really go wrong they looked after me check them out!",,OG Kicks,London
"Local Guide · 289 reviews · 2,429 photos",Great place for SneakerHeads. Super friendly and helpful staff. We found what we were looking for and would love to come back  ,2,OG Kicks,London
Local Guide · 93 reviews · 1 photo,"Very good attention from the two guys who were there, they took care to ask if we needed anything and they immediately looked for it and in the end they found it! Thank you very much, greetings from got'em valencia :)",,OG Kicks,London
Local Guide · 129 reviews · 30 photos,The sellers are welcoming and the second-hand side is really cool,1,OG Kicks,London
,,,OG Kicks,London
,,,OG Kicks,London
,,,OG Kicks,London
7 reviews,,,OG Kicks,London
Local Guide · 20 reviews · 24 photos,,,OG Kicks,London
Local Guide · 148 reviews · 312 photos,,,OG Kicks,London
,,,OG Kicks,London
45 reviews · 4 photos,,,OG Kicks,London