Personal profile,Review,Number of likes,Store name,Region
3 reviews · 13 photos,"I went in store last week and as always the store looks presentable but lacks in customer service, sizes and apparently shoe horns. You must have shoe horns as a store that sells shoes! I went looking for a pair of Adidas 84 low and Nike ",2,SNS London,London
1 review,"ONLINE WARNING. Be aware when purchasing online and returning. You will be charged a £5 return postage cost no matter the item big or small which some companies do. However you will not be refunded the full purchase amount either and postage either! So lost £10 due to the fact I received an item which the cost didnt reflect the quality of the item and returned. Loads of other similar shops offering free delivery and free returns, suggest going to them",,SNS London,London
2 reviews,"Poor customer service and lack of communication from head office.

I wasn't informed in person that an item I bought was in a final sale and couldn't be returned. This was also not communicated on the receipt.  I heard nothing back after submitting a complaint. Won't be shopping at SNS in the future!",,SNS London,London
Local Guide · 35 reviews · 16 photos,"Its very unfortunate that im having to write this review, however attention needs to be given to the issue.
I bought 2 items prior to christmas for a very good price, however upon arrival decided they werent to my taste and returned both on 30/12/23.
After over 2 weeks had passed with no communication I decided to reach out to see when I was to receive my refund.
An agent has since replied stating they didnt know and that Id be passed to the returns team (this has not happened).
Today however I have received a reply stating, our returns department has reported a discrepancy on the returned order. As per their findings, the order was partially received, indicating a missing item according to our warehouse records. - which factually is not the case unless their currier who I had to pay to get returned to them has tampered with. Furthermore, even if this is the case you need to do an internal investigation and refund me my order, as your inadequate processes should not play any role in my returns procedure.
I planned to leave a review once the process had concluded, however I am so disappointed in the progress to this point, with the lack of communication and refund they should have processed a week ago, that I simply had to make it now.

***Update: SNS have replied stating it is under investigation yeah thats great but the issue has occurred once the items was with your 3rd party or actually in house at SNS.
There is absolutely no reason given as to why my funds are still being held, nor any form of urgency to solve the matter.
They should be apologising and releasing my funds, instead I get generic replies whilst they continue to break the terms of service we both agreed to .
Terrible company who dont care about their customers, AVOID buying from here, have never known a company this bad.

***Update no.2: I did not think I would need to come back to this again, but here we are.
Due to the above I contacted my bank to attempt to re-claim the payment until which time SNS honour their agreement with me, and refund me for my purchase, which appeared to work, as I received a noreply email stating the refund has been handled and I would receive the full amount of £131, the story should now be over. however, instead I wake up this morning with a refund from SNS for £66, which isn't even the exact cost of either item received.
The level of incompetency the company operates on is frightening
I have once again had to contact their customer service team, where Im sure they will be investigating the payment for the next few weeks with no action action.
PLEASE PLEASE PLEASE, do yourselves a favour and no not shop here!

***Update no.3: After 5 long weeks, SNS have now emailed me stating, After an extensive scan of our warehouse facility, our team, unfortunately, could not locate the remaining item from your return. This indicates that the item wasn't shipped originally. Regrettably, due to this circumstance, we are unable to proceed with the refund for the remaining item.
The level of anger I have with this is off the scale. I have never dealt with a company who have lost an item, and then blamed the customer in order to not refund them. Im out of pocket £65 due to SNS incompetence, and theyre essentially stealing from me at this point. I will again look to raise this with my bank, but my goodness, do not shop here.",,SNS London,London
8 reviews,"Im not sure why this place is a 3.7 since when I came in yesterday, the employees were awesome in helping me get the trainers that I wanted! And on top of that it was a hot hot pair and thats what made me even more happier! ",1,SNS London,London
Local Guide · 49 reviews · 84 photos,"What a great shop! The latest drops in stock are pared with super friendly staff who went out of their way to help me try on 100s of pairs of shoes.
Can't recommend enough",,SNS London,London
6 reviews,Amazing store with great customer service. Cool selection of sneakers. I am sure youll find a pair better that what you were looking for. 10/10. SNS Shoreditch is the only place to go.,1,SNS London,London
"Local Guide · 117 reviews · 1,786 photos","Dope store! Great selection! These pictures are from the 20th Anniversary Adidas sneaker pack. Nice event, staff were cool -  nice vibe and good music. This store is definitely worth a visit! A lot of cool stuff including garments. Will pop in soon!",1,SNS London,London
6 reviews,"absolutely criminal return policy. im a student who spontaneously bought shoes from here and then later realised maybe i need that money for things like basic necessities to live. so, i decided to return them after 1 wear outside. there was a literal minuscule amount of dirt on one of the shoes. they therefore could not accept them. just do not understand why companies like this are so stingy with things like this. the shoes are totally passable as new like i say i wore them once and put them in a bag ready to return. they werent comfortable & i no longer wanted them. never going to shop there again which is a shame because they sell nice stuff.",,SNS London,London
19 reviews,What is the point of having a phone number on Google attached to your page if the phone number doesn't work. There's people out here that don't live close to your store that need to phone the store to ask a question before they travel all the way to it. Theres nothing more worse than different outlets that can't be bothered to answer their phone to their customers.,,SNS London,London
"Local Guide · 489 reviews · 1,757 photos","Amazing sneakers store. I had come here last December while visiting some friends in London and loved it.  I came back today while visiting London with my wife and son and bought several items here.  I bought some very comfortable green Cloudnova shoes on sale that I had been wanting to get for a while. My son got some unique Nike sneakers and my wife bought a beautiful cardigan.

The young staff members were so helpful and polite.  I highly recommend this store..",,SNS London,London
Local Guide · 50 reviews · 73 photos,"Fantastic place! Food was delicious, great lunch deal prices! Condiments on the table include good quality chilli oil, soy sauce and vinegar,  which allows you to customise the flavours to your liking. Service was super helpful and really looked after me. Could not recommend more.Also, veggie options are super tasty!",5,SNS London,London
Local Guide · 159 reviews · 6 photos,"Super helpful staff that goes out of their way during a visit in the store.
Lovely curated shop - highly recommend",,SNS London,London
Local Guide · 322 reviews · 304 photos,I was looking for some sneakers which they had on website but sadly do not have them in real shops which was little bit weird but my and my wife ended with new pair of sneakers anyway �� shop is clean and service is perfect ! Do not understand bad reviews here on Google since those ladies were really helpful and polite ,,SNS London,London
Local Guide · 38 reviews · 34 photos,Love this shop. My first visit bit will go back again. Staff friendly. Great selection of sneakers and clothing. Highly recommended for people who want ltd ed sneakers.,,SNS London,London
7 reviews · 3 photos,I was not sure about the colour concept in between both shoes but thank you to make me remember that I could be the next will smith,,SNS London,London
6 reviews · 3 photos,Amazing store great atmosphere and staff really cool and friendly Big big shout out to Jamal and Oliver such cool guys and so friendly definitely check it out,,SNS London,London
7 reviews · 6 photos,"AMAZING CUSTOMER SERVICE.

After some shocking retail experiences around shoreditch and central yesterday ",,SNS London,London
3 reviews,Staff werent moving weird. They wanted to charge me double (190 £) on a size 4uk but 110 for a size 3. End up buying that and when I was about to pay they said final sale. The shoes end up being to small as they were not for me and now I cant get my money. Was expecting more as they do have great selection in store and o online but was disappointed with that.,,SNS London,London
3 reviews,"For such an expensive store their webshop is severely limited. Why can't you cancel an order through your account after it's created?

Why can't you cancel an order at all? Or even merge two orders being shipped to the same address at the same time?

This is basic stuff that hundreds of other retailers have figured out. The fact that I receive automated emails closing my ticket when asking about two ordes that equal more than £200- is outrageous.",1,SNS London,London
Local Guide · 42 reviews · 152 photos,"Went there to claim my raffle purchase of  some Jordan 1s. The place is quite small but has a hefty selection of both old and new year model sneakers.
Entrance is covered in vines and leaves. ",1,SNS London,London
51 reviews · 14 photos,Really helpful and friendly staff with great range of clothes and shoes,,SNS London,London
1 review,"Awesome staff and store, highly recommend visiting them",,SNS London,London
3 reviews,Dont deserve a star at all! Terrible service with unfair delivery charges! Ordered a pair of trainers around first week of July was charged additional £10  for delivery due to size issue I have to return it and SNS return service was not ,2,SNS London,London
2 reviews,"Worst customer service ever .
This is the true example why people go shop online .
Bought a pair of Jordan 2 days before wore them for 1 h till  I notice they were ",2,SNS London,London
Local Guide · 49 reviews · 100 photos,Ordered a pair of trainers but had to return them as they were too small.  The trainer's took 10 days to arrive as they shipped from Sweden but it is proving difficult to get a refund from this company even though I returned them at my own ,6,SNS London,London
11 reviews · 1 photo,"I tried to buy trainers for my three boys for Christmas today.
Staff were outright rude and unhelpful.
After 15 minutes attempting to be helped, we left, went over to offspring who ",1,SNS London,London
Local Guide · 43 reviews · 14 photos,"I am trying to return a pair of shoes because the box arrived damaged and it is proving impossible.

There is no returns label in the box and the website just tells you to return them to the London store.

There was literally nothing in the box except the sneakers, so I don't know how they'll know it's my order.

They do not reply via email and contacting them via phone is impossible.",4,SNS London,London
40 reviews,"I have only ordered online but can't fault the service each time. Really clear notifications, shipped with UPS who in my area are perfect couriers, great savings in the sale which are always cheaper for me to buy from Sweden and have shipped to the UK. Arrival always on time within around 3 days.",,SNS London,London
1 review,"!PLEASE READ!I would give minus stars if I could!! I ordered a pair of trainers (£160) and decided to return the item, inside the box was the return label addressed to Sweden so I returned to that address at my expense £20 1 month down the line I hadn't heard anything and made contact with sns and they informed my I should have returned to London and that was a old returns label like it was my fault. I have reached out endless times and you get the same email what's the tracking or our returns department get many returns and we will give you up a update.
I received the trainers back (luckily) from Royal mail as 'unclaimed' so got the correct address in London and made sure I sent them tracked and signed for, sns received on 23/3 and still nothing I have provided them with everything they need!! The worst customer service I have ever know . They don't reply to emails and good luck on the phone",7,SNS London,London
6 reviews,"Staff super helpful, and actually made me feel like my purchase was welcome, so much so, I went back and purchased more. That's the way high street retail should be. Next time I'm in London I'll be back to buy more.",,SNS London,London
12 reviews · 16 photos,"Very poor customer service when picking up in store for a raffle pick up. Cashier who was serving was rude, entitled and unprofessional. After asking a valid question in the nicest way possible he proceeded to say stop asking stupid ",5,SNS London,London
Local Guide · 47 reviews · 67 photos,Great helpful sales people here. Nice and cosy place to shop for sneakers.,,SNS London,London
"Local Guide · 209 reviews · 2,236 photos","Quality selection of trainers and clothes.
Friendly, helpful staff.",,SNS London,London
Local Guide · 47 reviews · 6 photos,"I wasn't sure about SNS as there are a few bad reviews out there, but what I got was exactly what I ordered when I expected it.
Delivery took a few days (as it was shipped from Sweden, and this was made clear ",,SNS London,London
14 reviews,Sneakersnstuff are the worst shoesellers in the world. Don't expect any service from these frauds. Will not compy to EU law when you return anything to their webshop and they won't refund your money or reply to your emails.,2,SNS London,London
1 review,Only purchase something if you definitely wont return. I returned an item a month ago and have been emailing everyday to get a refund but havent had anything back. No customer service so just sending an email a day to get a response. Very expensive delivery charges and bad experience so the company is dead to me.,6,SNS London,London
1 review,"First of all, I was impressed at the fact that I was able to find a sought after sneaker in my size on the company website. However, after ordering, I became concerned at the negative reviews posted regarding their delivery service. ",1,SNS London,London
8 reviews,"been two months and I still havent received my refund. despite calling them and emailing, have been ignored and now can't get a hold of them. Paid for an item that I don't have and can see on the delivery details it has been returned to their warehouse. sooo bad and having to call my bank to try and get my money back.",2,SNS London,London
Local Guide · 31 reviews · 15 photos,"Really cool store, both online and in store are great! I will definitely return.",,SNS London,London
12 reviews · 3 photos,I have bought quite a lot of shoes from here. I had to return one pair of shoes due to them being too small for my partner. Paid over £12 to return the shoes. Received my refund (only when I contacted them asking them where is was as it had ,8,SNS London,London
1 review,Attended store to purchase a pair of sneakers ... was greeted by a very  very welcoming young lady (Jade). ,,SNS London,London
4 reviews,"Unfortunately their customer service is practically non-existent. I did manage to get a refund after a month, by going into the London Store and asking the very kind staff there. I wouldnt order unless you know you wont return any items.",1,SNS London,London
1 review,Ordered two trainers from their website and after getting told their delivery times are 10-15 days compared to average retailers 3-5 days. After the time went past the delivery phase they wouldn't pick up their phones or even respond to ,3,SNS London,London
7 reviews · 1 photo,They sent a wrong item. I contacted them and after a day they came back saying there were sending a return label I had to process myself. Once I sent back the wrong item I tried to contact them to have explanations about the mistake and if ,5,SNS London,London
Local Guide · 18 reviews · 11 photos,"The shipping arrived as expected, unfortunately it was the wrong item, no problem as things happen. What's not acceptable is the customer service I received. I am yet to receive a refund for the order... In times where retailers are forced to continue business online you would think the service/ communication will be a 10, not the case here. Please refrain from purchases from this company - I would also suggest using PayPal as you are liable for P&P, Paypal will cover the shipping cost up to £15.",2,SNS London,London
Local Guide · 70 reviews · 34 photos,"Brilliant customer service. Greeted by the security guard as soon as we entered and the minute we stepped in there was someone who offered to help us to process a return. Love the vibes in store, very chilled and friendly staff :)",,SNS London,London
Local Guide · 90 reviews · 3 photos,Great selection and excellent customer service from all staff especially Jahmal great energy. Wide selection of clothing and shoes. Great online service aswell 10/10 allday,,SNS London,London
6 reviews,"Best place to buy sneakers! Great selection and amazing staff, super friendly and helpful.",,SNS London,London
15 reviews,£7 they charged me for shipping and I've had to wait 10 days for my trainers. Fine paying that if they get here sooner but this is ridiculous. I won't be buy from them again.,2,SNS London,London
4 reviews,"Worst customer service i've ever experienced. I've paid extra to received my shoes quickly, they came about 3 weeks late and their carrier failed to deliver them. Shoes went back to the warehouse in Sweden. It's been two months and they still haven't reimbursed me despite multiple calls and emails. Wouldn't recommend to anyone! :)",6,SNS London,London
1 review,Ive shopped in SNS a couple times and have always seen things that I liked. I went in last week and was served by a girl called Taylor. Her service was really good! She was so polite and even helped me think of some outfits to go with my new babies. Id come back any day to be served by her again! Thank you Taylor !!!!,,SNS London,London
9 reviews,I ordered a pair of trainers 2 weeks ago for a photo shoot I had coming up. I payed £7 for shipping and expected my order to arrive within the 3-5 working days advertised on the website. After a week of waiting I decided to contact ,8,SNS London,London
Local Guide · 59 reviews · 3 photos,Using the worst delivery service. After nearly a month of waiting and more than eight changes to the delivery date given I am still waiting for this package. And now apparently they've had a failed delivery attempt even though I've been here all day in my own house. Abysmal and highly stressful. Not worth it. Never again.,4,SNS London,London
Local Guide · 75 reviews · 12 photos,"Friendly and efficient service and really awesome selection of shoes - they've got some really hard to find trainers. Only thing to mention is that their sale stock is online-only so everything in-store is full RRP. That said, I can understand why as it makes the most of the showspace without compromising on their premium standard.",,SNS London,London
3 reviews,"Made an order which never arrived and was promised a refund. Its been months and Ive seen nothing, and now they have stopped replying to my calls and emails. Now I have been forced to enter the process of speaking with trading authorities ",6,SNS London,London
"Local Guide · 163 reviews · 1,489 photos","Great shop with really friendly staff.
Although I visited on a fairly busy day, it wasn't long before a member of staff came over and was able to assist me with finding what I needed. ",1,SNS London,London
1 review,Worst company Ive ever dealt with avoid At all cost.. Ive ordered a pair of trainers like a month ago still hasnt arrived tried tracking the order multiple times it says it has been shipped 3 weeks ago no sigh whatsoever please guys avoid this shop!! never again buying from this shop!!!!!,2,SNS London,London
23 reviews · 1 photo,Horrible customer service from Joel. I called in since my order was not delivered and was following up on my first call since i have not heard from them. He was not empathetic argued with me the whole time. Asked for a supervisor and denied ,5,SNS London,London
4 reviews,Was worried after reading all the bad reviews on here and thought i was going to have problems......but to my delight everything went well. The delivery time to the uk took just over two weeks which is more than the website says but as long ,1,SNS London,London
1 review,"Terrible. I returned an order for a refund over a month ago - I can see from the tracking info that it has been received, but still no refund. I have contacted the company numerous times, but they never reply. ",2,SNS London,London
12 reviews,"AVOID!!!!
I bought a pair of Nike trainers for my daughter, they were slightly too big so i sent them back to the Shorditch address, with the appropriate returns  form, ",8,SNS London,London
3 reviews,"Great shop, customer service was excellent two young women serving were a great asset to the shop. Made shopping enjoyable for once.",1,SNS London,London
Local Guide · 133 reviews · 44 photos,The place is somewhat okay picked up 1 or 2 raffles in store before but mostly found the staff to be unwilling in wanting to assist oh and so everyone should know these guys are Backdoor specialists for hype releases.,,SNS London,London
1 review,"Terrible Service. I'd advise you to use Offspring or End as they appreciate their customers and provide a way better service. It's bad enough in this day and age you have to be invited to buy trainers. Not even get them for free, you enter ",4,SNS London,London
18 reviews,Classic return problem. They are basically stealing from every customer £10 each time! As if they need that. Also everyone at the store looks like a zombie. They are just bored to be alive,1,SNS London,London
Local Guide · 48 reviews · 31 photos,"Choice in store is okay but be prepared to be sent online to place your order. Then, well, you order, you pay, you wait and 2,3 4 weeks later you finally get a cold email sayin that you'll get a refund. Don't even try to contact them before ",4,SNS London,London
2 reviews,Would give 0 stars for my online experience. Please save your impending stress and shop elsewhere online. Will now be waiting over two weeks for shoes. They also dont offer return labels. joke ,4,SNS London,London
1 review,"AVOID THIS COMPANY
FRAUDS
i return an item, they don't respond, they are COMMITING FRAUD ",6,SNS London,London
2 reviews,"Customer Service for anything online is awful.
I've been trying to return a faulty pair of shoes for over a month and increasingly frustrated at the lack of / poor support for doing so. ",2,SNS London,London
Local Guide · 37 reviews · 39 photos,Please check trust pilot reviews before dealing with this awful company. I returned an item in -store over 2 months ago and am still waiting for the refund to be processed.,2,SNS London,London
4 reviews,"Having ordered online in the past, I'm already aware that the delivery times are quite lengthy as stock gets delivered from Sweden. However, I'm now up to day eleven since ordering and still no shoes. Just contacted UPS (whom SNS stuff use ",2,SNS London,London
3 reviews · 1 photo,They sent me the wrong size trainers so I sent them back and asked for a refund but have received no response/refund for over a month. The customer services line doesn't seem to work at all and emails don't reply and they ignore bad reviews ,2,SNS London,London
3 reviews,Amazing service!! Got personal customer service and felt completely taken care of and catered to! Oliver went above and beyond for us and we ended up leaving with 7 pairs!  Will definitely be returning for more  ,1,SNS London,London
Local Guide · 23 reviews · 14 photos,"This company sent me a pair of trainers - as one does, I wore them around the house for approximately an hour to see if they were comfortable, but, alas, no, they didn't fit. ",3,SNS London,London
8 reviews,"The worst online costumer service Ive ever seen. I got a problem with a shipping, and they didnt do nothing. ",4,SNS London,London
Local Guide · 44 reviews · 18 photos,"Ordered online everything went fine, shoes didn't fit so had to return. Then realised the shows have to be posted to sweden ! At my expense which I think is a joke also if the trainer box is damaged In transport il be fined 30. I went be using there again shame really because they have some decent stock",4,SNS London,London
2 reviews,I ordered a pair sneakers on March 1st 2021. Its March 22nd 2021 and it still havent received my sneakers. ,3,SNS London,London
Local Guide · 50 reviews · 33 photos,"Great service as always! Even though you don't buy anything, they treat you like bought the whole store. Always a pleasure!",,SNS London,London
Local Guide · 34 reviews · 1 photo,"Exclusive one of a kind for trainers, male and female",,SNS London,London
3 reviews · 1 photo,Bought defective shoes. They said they would refund me so I sent the shoes back. They then refused to refund me OR send back the shoes.,,SNS London,London
Local Guide · 66 reviews · 38 photos,"Very long postage times and even longer for a replacement, so far I've been waiting 2 weeks and not even had confirmation they have been sent. Contacted to customer services and basically got told to wait and thanking me for my patience",1,SNS London,London
21 reviews,"Do not order!!!!! Customer service does not exist at all!
No reply to countless emails and no one answers phone!
Day light robbery at its finest!",2,SNS London,London
2 reviews,Don't order online! They don't pay returns - meaning I had to pay an additional £10 - plus they cant tell me if they've received it - meaning its now been 3 weeks of nothing. ,2,SNS London,London
Local Guide · 125 reviews · 27 photos,One of the best sneakers shops in London. I've copped here my first raffles ever. The staff is very friendly and the shop pretty cool. 5min away from Liverpool Street and 10 from old street station. In the heart of Shoreditch,,SNS London,London
1 review,"I've been to this shop several times in Berlin and Los Angeles, but I've never experienced this before. There is a clerk who is racist against Asians. Instead of her, the manager apologized. I asked her to apologize, but she made a mockery of me till end. I think SNS should take this issue seriously. I regret shopping here.",4,SNS London,London
6 reviews · 1 photo,"Ordered some shoes on the sneakersnstuff website, its now been 8 days and the order is still processing and havent received any confirmation of shipment when their website says they usually ship after 2 days. Ive tried contacting them ",4,SNS London,London
10 reviews,Ordered on Saturday and they tooky payment straight away. I have phoned to see how the order is getting on and it's 5 business days to process then another 5 business days for shipping. Crazy process if you ask me. I buy something I want it within 5 days not 2 weeks.,,SNS London,London
6 reviews · 1 photo,"Ordered, no delivery, cheeky customer service, blame UPS, weeks pass and only when pressed accept blame, refund and thats ok. No. It's not really. Sort your stuff out. You profit from smart e-commerce, think life is all cool and bling bling ",2,SNS London,London
Local Guide · 42 reviews · 12 photos,"Dear Reader,

If you are a sneaker head then you surely know this mecca .  There are trainers ",1,SNS London,London
Local Guide · 179 reviews · 125 photos,"Well the store name pretty much says it all. They have sneakers. They have stuff. What the name does not state is how DOPE those sneakers are and how COOL the stuff is that they have. This place is among the top tier sneaker stores in England. All your Nike, Adidas and Asics need will be fulfilled here.",,SNS London,London
1 review,"I have been waiting for 1 month for my return, your customer service number is not working at all, and writing emails to you is always a reply template, can you please contact me?",8,SNS London,London
11 reviews · 1 photo,"Didnt let people into the store at 20 minutes before closing, very bad customer service.",1,SNS London,London
Local Guide · 16 reviews · 1 photo,"Good store, really good prices, stuff usually in sale way before anywhere else. Usually get my bball shoes from here at very tasty prices. They also stock a wider range of more interesting sneakers not just the same NMDs and runners you see everywhere else.",,SNS London,London
1 review · 1 photo,"Great visit today at SNS, First can I say I was served by 2 beautiful young ladies who gave me a first class experience in what customer service is they are indeed a credit to your company and I cant wait to come back, plus thanks for my naughty lemon dunks  ",,SNS London,London
380 reviews · 410 photos,"Good selection of limited sneakers in a 'home from home' setting. They have a better than average selection for women, and a small selection of apparel. They also have ultra limited releases but you're going to need to start queuing early ",,SNS London,London
7 reviews,Terrible customer sevice. The staff could not care less. Be prepared for rude and grumpy faces. Good range of sneakers but the service is so poor that it does not worth a visit. Better to order on line.,3,SNS London,London
12 reviews,"Great selection of shoes for men and women. Just wish you had more children stuff and then would be perfect. All the staff are smiling as soon as you walk in, lovely shoe store",,SNS London,London
Local Guide · 498 reviews · 737 photos,"Staff are nice, good selection of Nike, Adidas, reebok, puma, converse, stussy and karhu as well as others. Store often has raffles for more sought after sneakers which can be entered through the website. You are able to collect shoe orders placed online here also.",,SNS London,London
1 review,Staff wanted to charge me double for a pair of gs shoes. Went all the way there for that shoe and waste my time,,SNS London,London
Local Guide · 43 reviews · 44 photos,"Good selection. Staff a little aloof. Seem to think they are to cool to be serving you.
Edit: been back multiple times and staff are excellent.",,SNS London,London
4 reviews,"great store if you were looking for limited sneakers, and just sneakers. the poor customer service would scare you away from the shop unless they had something exclusive released again. i'd rather place order online instead popping in there again.",3,SNS London,London
Local Guide · 35 reviews · 100 photos,Nice set up in the store. Very clean and minimalist. I only went in for a previously reserved pick up but the staff were very attentive and friendly,,SNS London,London
23 reviews,Ordered some trainers on the 1st of Jan and it took them a month to arrive and in the wrong size. customer sevice was so hard too thought i was going insane.,1,SNS London,London
5 reviews,I never write reviews. But this was bad. Still no shoes...3 weeks after ordering them. Nothing from customer services despite trying to get in contact multiple times.,1,SNS London,London
7 reviews · 5 photos,Staff who just don't care. Made me feel like I was bothering them and they'd rather me not be in the store. If it wasn't for the great selection of shoes I'd never return.,,SNS London,London
Local Guide · 66 reviews,"That's one of my favourite place...nice people, wonderful sneakers and apparel and not far from Liverpool Street station....",,SNS London,London
2 reviews,"3 weeks to receive the order. UPS Blame, staff from warehouse. some items ordered did not exist in the warehouse.  this company is a real mess.",1,SNS London,London
7 reviews · 3 photos,Shoutout to Oliver for the amazing customer service towards me and my two friends on Saturday! Thanks Oliver you were lovely  ,1,SNS London,London
5 reviews · 12 photos,"NMD Triple Blacks were not one pair per customer I think?
Saw two dudes who apperantly bought the whole size run at the store, bad bad resellers. ",1,SNS London,London
1 review,Never order from them online. I was charged £37 for delivery to my address and back to their warehouse  due to them sending the wrong size. The customer service is awful. Do not spend your money with them.,,SNS London,London
7 reviews · 209 photos,"Worked with Sneakersnstuff for the Sneakersnstuff x Brooksy x Adidas Silverbirch Spezial sneaker launch at our Shoreditch venue Kachette. Really friendly team and one of the best vibe parties hosted at Kachette in years. Thanks Connor, ",1,SNS London,London
Local Guide · 372 reviews · 112 photos,Awesome sneaker store in the heart of shoreditch. Great for rare and limited edition releases. Be warned though - their website does not reflect what is in this particular store....,1,SNS London,London
7 reviews · 7 photos,Good selection of cool trainers (including non-Nike brands). Suboptimal size availability. Helpful staff.,,SNS London,London
6 reviews · 1 photo,Best shop and website to by trainers delivery come next  ,,SNS London,London
8 reviews,Easy to use website and order arrived a day earlier than i expected! no complaints here,,SNS London,London
27 reviews · 4 photos,"Awful/non existent customer service, awful delivery provider. Can take many moons to even ship the order let alone deliver it. AVOID",1,SNS London,London
Local Guide · 133 reviews · 123 photos,Pretty good store for sneakers and stuff (as you guessed) the staff aren't exactly falling over themselves to help out. But haven't had a poor experience,,SNS London,London
Local Guide · 110 reviews · 423 photos,Bad service. They have a lot of nice shoes but the service from the employes are no good. There is no service at all. They are more to talk to each other than helping the costumers.,2,SNS London,London
3 reviews,"Maybe the best sneaker store in London? Amazing selection and great service. Always impressed by staff knowledge, thanks Myriam.  ",1,SNS London,London
Local Guide · 173 reviews · 547 photos,"Good products but not much variety, very limited styles and products in store.",,SNS London,London
Local Guide · 202 reviews · 187 photos,Wow ! Ever had a dirty look for asking for a size 7 in a pair of trainers ? If not come to this place ! I'm sorry sneakersnstuff for wanting to spend my money with u ! I won't make that mistake again !,2,SNS London,London
2 reviews,The two ladies would rather do tick tok dances than offer me customer service,8,SNS London,London
Local Guide · 51 reviews · 2 photos,"Nice place but kinda confusing where the mens section is and where the womens section is.
But overall a beautiful looking shop.
Would recommend !",1,SNS London,London
Local Guide · 34 reviews · 3 photos,"Staff couldnt be jacked to serve us, but the range is second to none when it comes to exclusives and limited editions.",,SNS London,London
Local Guide · 49 reviews · 51 photos,"The shop is uniquely presented, they offer a lot of style, very trendy.",,SNS London,London
2 reviews,"Today we been in the store for do some shopping, we was served by Elliot, he is been extremely helpful with us... well done  ",,SNS London,London
Local Guide · 25 reviews · 1 photo,"Decent shop with a nice collection, just nothing special. Customer service is not that great either",,SNS London,London
Local Guide · 174 reviews · 252 photos,Ok selection. Some of the staff are SO cool they ain't gonna ever talk to you. Others are helpful.,,SNS London,London
1 review,Nice looking store. Picked up some new trainers with Jack's help. Very helpful and friendly staff,,SNS London,London
2 reviews,"GREAT SERVICE helped me out alot. Two lovely girls adviced me on a pair of jordans, ended up buying",,SNS London,London
7 reviews,"Amazing store with incredible selection of sneakers. The staff is very friendly and helpful, I will definitely come back!",,SNS London,London
Local Guide · 43 reviews · 82 photos,Really nice sneaker shop with modern and retro sneakers in stock. Nice range of apparel and accessories as well.,,SNS London,London
28 reviews · 7 photos,"Do not order from here. Still havent sorted my return, absolutely shocking customer service.",,SNS London,London
Local Guide · 64 reviews · 131 photos,"Honestly, had expected more uniqueness from previous reviews but still a nice store.",,SNS London,London
232 reviews · 14 photos,Bought online in the end and had to pay a fiver for delivery by the most incompetent delivery service ive ever come across. I should have gone elsewhere.,1,SNS London,London
14 reviews,Just been ripped off for £37 p&p. Read the ts and cs carefully before handing over any money,1,SNS London,London
9 reviews,"Great range of shoes, cater for women and men shoes. My wife and I are very happy with our purchases",,SNS London,London
11 reviews · 2 photos,Website is a scam 100% - visit trust pilot before using this garbage website. Buy your shoes elsewhere or go in store if you have to,5,SNS London,London
1 review,SNS - PLEASE LISTEN..... PLEEEEEAAAASE STOP USING UPS FOR SHIPPING!!!! THEY ARE AN APALLING SERVICE AND ARE GIVING YOU A BAD NAME,2,SNS London,London
47 reviews,Item came damaged and seller refused to refund full value. Wont be using again.,1,SNS London,London
Local Guide · 275 reviews · 210 photos,"Nice choice of sneakers. U still can find a pair that you wont see a lot, always nice nowadays when sneakers are everywhere on everybody's feet.",,SNS London,London
7 reviews,Sneakersndstuff London's shop is well designed both for sneakerheads and amateurs. There're even some big names of the field,,SNS London,London
Local Guide · 143 reviews · 267 photos,Best shoe shop in UK. And the customer  service  is amazing  plus the music is a vibe.,,SNS London,London
1 review,"it's been a week since my order and it's still ""processing"" I've made 5+ attempts to get in contact with SNS and they've ignored all attempts",2,SNS London,London
2 reviews,Poor service. Also never pick up the phone . And  s**it return system.,1,SNS London,London
Local Guide · 57 reviews · 1 photo,Great store with a lot to offer. Friendly and helpful staff work here.,1,SNS London,London
Local Guide · 55 reviews · 27 photos,Favourite sneaker store although I haven't been lucky in the raffles lately.,1,SNS London,London
Local Guide · 133 reviews · 10 photos,Excellent choice of trainers. Regular drops of limited supplies of sought after brands.,,SNS London,London
7 reviews,Love this place. Been a sneaker fan for years but never been here before. I will be back.,1,SNS London,London
Local Guide · 424 reviews · 578 photos,Brilliantly curated - loses a star as they dont have tax refund,,SNS London,London
Local Guide · 318 reviews · 735 photos,Great bunch of guys won some Rubber Dunks whooop superb service,,SNS London,London
9 reviews · 2 photos,Great Staff very helpful and one of the best hidden gems of London.,1,SNS London,London
3 reviews,Avoid its been 2 months and still haven't received my parcel. Customers service is non-existent,1,SNS London,London
6 reviews,Stocks some rare sneakers which are harder to get at usual sites. Good experience so far.,,SNS London,London
Local Guide · 8 reviews · 3 photos,"A nice little sneaker store with a couple of exclusive to boot and over priced either, I shall return for my Jordan 8's ",,SNS London,London
4 reviews,Possibly the worst customer service - stood waiting for 10 mins just to find someone who could be bothered to help with sizes!,1,SNS London,London
Local Guide · 34 reviews,Won the yeezy 2.0 raffle first time going there the staff were friendly and overall a lit shop,,SNS London,London
Local Guide · 66 reviews · 100 photos,"Love this shop to death, takes me back to being young and wearing these old skool trainers",,SNS London,London
Local Guide · 134 reviews · 153 photos,"Nicely made store, employees were very helpful!!! 5 stars!",,SNS London,London
Local Guide · 21 reviews · 6 photos,Havent interacted much with the shop but absolutely Terrible service online.,1,SNS London,London
Local Guide · 29 reviews · 35 photos,Dope.And the staff are very cool along with being helpful on a good day...,,SNS London,London
10 reviews · 2 photos,Order a pair of trainers but they seem to have done the same pair twice so paid for one but got 2  ,,SNS London,London
16 reviews · 10 photos,friendly staff just not happy they dont stock bigger sizes.,,SNS London,London
Local Guide · 35 reviews · 18 photos,"Great shoes, a great atmosphere as well as really friendly staff.",,SNS London,London
23 reviews · 24 photos,Great store and staff are always helpful. ,,SNS London,London
Local Guide · 282 reviews · 217 photos,Cool store. Love SNS. Usually buy online. Was cool to go to the store.,,SNS London,London
Local Guide · 2 reviews · 1 photo,"Great selection! Many rare, exclusive and amazing sneakers!",,SNS London,London
18 reviews · 1 photo,The worse online service I have ever experienced. Avoid online.,,SNS London,London
4 reviews · 1 photo,"Great selection of Trainers
Friendly staff and good service",,SNS London,London
4 reviews,"Great selection of trainers, really helpful and friendly staff",,SNS London,London
Local Guide · 140 reviews · 131 photos,Great selection of cool sneakers and a curated collection of sportswear.,,SNS London,London
Local Guide · 76 reviews · 49 photos,"Pretty awesome place, great quality shoes & clothes",,SNS London,London
1 review,My issue was resolved and my feelings restored. Thank you,,SNS London,London
Local Guide · 343 reviews · 759 photos,"Staff don't bother as this shops doesn't need any sale, people come knowing what's needed",1,SNS London,London
16 reviews · 1 photo,Dangerous place for my wallet lol! Definitely going to be back!,,SNS London,London
Local Guide · 77 reviews · 99 photos,"Great selection of sneakers. But pricey. Then again, it is Shoreditch...",,SNS London,London
13 reviews,Good selection but the staff are bitterly unfriendly,3,SNS London,London
Local Guide · 21 reviews · 518 photos,You block potential customers with 'access denied' message?,1,SNS London,London
Local Guide · 123 reviews · 8 photos,It closes earlier. Got there before 7 and it was already closed,,SNS London,London
Local Guide · 52 reviews · 22 photos,"Cool shop, good selection, friendly staff.",2,SNS London,London
Local Guide · 136 reviews · 46 photos,Great collection. Esp unique LE stuff.,,SNS London,London
Local Guide · 33 reviews · 333 photos,Always has great selection of sneakers! I'm coming back.,,SNS London,London
12 reviews,Super service and super cute boyzzzz ... A must when in London!,,SNS London,London
Local Guide · 50 reviews · 119 photos,Cool stuff. Cool place. To be visited after sightseeing.,,SNS London,London
Local Guide · 121 reviews · 15 photos,Fairly small but good stock.,1,SNS London,London
Local Guide · 86 reviews · 122 photos,Just had a browse didn't really go in tbh,,SNS London,London
Local Guide · 102 reviews · 93 photos,Useless place. Bad service. Cannot handle a limited edition release.,,SNS London,London
Local Guide · 43 reviews · 239 photos,"Good, but no tax free service",,SNS London,London
Local Guide · 18 reviews,Good staff and great customer service,,SNS London,London
Local Guide · 6 reviews,Incredible variety of sneakers,,SNS London,London
Local Guide · 30 reviews,"Rare sneakers, passionate staff, great design.",,SNS London,London
1 review,"Poor service, was made to feel the staff we're doing me a favour by serving me",2,SNS London,London
Local Guide · 87 reviews · 135 photos,Great customer service and very helpful.,,SNS London,London
Local Guide · 80 reviews · 63 photos,One of Ldn's best kept secret.,,SNS London,London
Local Guide · 101 reviews · 436 photos,"Retail location for specialist sneaker store, but you knew that.",,SNS London,London
Local Guide · 25 reviews · 1 photo,Bless staff cool selection of music,,SNS London,London
Local Guide · 27 reviews · 19 photos,Limited exclusive trainers...keep and eye in their website.,,SNS London,London
Local Guide · 83 reviews · 72 photos,Scammers deducted £39 from my return,2,SNS London,London
Local Guide · 63 reviews · 893 photos,Amazing ever changing selection of trainers.,,SNS London,London
2 reviews,AWFUL SERVICE WHEN THE YEEZYS CAME OUT THE WEBSITE JUST CRASHED SO CRAP,3,SNS London,London
Local Guide · 131 reviews · 76 photos,"Quality products, prices and staff",,SNS London,London
Local Guide · 204 reviews,"Staff can be indifferent, but great selection",,SNS London,London
Local Guide · 160 reviews,Great range of unique and rare footwear,,SNS London,London
Local Guide · 55 reviews · 108 photos,Great prices and a great store location,,SNS London,London
Local Guide · 43 reviews · 26 photos,great store! top sneakers,,SNS London,London
Local Guide · 23 reviews · 27 photos,They sell good things ,,SNS London,London
Local Guide · 45 reviews · 12 photos,Great ! But not to many shoes,,SNS London,London
Local Guide · 78 reviews · 33 photos,Nice collection. Lot of choice!,,SNS London,London
1 review,Really bad customer service really slow disgusting,2,SNS London,London
10 reviews,Cool place has a good collection,,SNS London,London
4 reviews · 2 photos,worst experience ever with online shopping !,,SNS London,London
Local Guide · 35 reviews · 5 photos,best sneaker store in east Lnd,,SNS London,London
Local Guide · 85 reviews,Wicked trainers if you have a little thing called a sneaker addiction!,,SNS London,London
Local Guide · 56 reviews · 53 photos,Great selection of one off shoes,,SNS London,London
Local Guide · 20 reviews · 10 photos,Staff nice and friendly,,SNS London,London
Local Guide · 67 reviews · 10 photos,Is there a phone number?? Urgent!!!!!!,1,SNS London,London
"Local Guide · 776 reviews · 3,167 photos",Always om the edge in sneakerstyle,,SNS London,London
Local Guide · 27 reviews · 115 photos,Nice curated collection of shoes and clothes,,SNS London,London
Local Guide · 25 reviews,Best sneaker shop in east London,,SNS London,London
Local Guide · 185 reviews · 250 photos,Crazy cool trainers in this place...,,SNS London,London
Local Guide · 20 reviews,Best place for rare trainers,,SNS London,London
7 reviews,Great shop with unseen shoes,,SNS London,London
12 reviews,How you not gonna stock AF1s???,,SNS London,London
Local Guide · 530 reviews · 331 photos,great place to buy trainers,,SNS London,London
Local Guide · 442 reviews · 869 photos,So many options and friendly staff,,SNS London,London
Local Guide · 42 reviews · 57 photos,Nice price on sneaker.,,SNS London,London
7 reviews · 2 photos,Great buy,,SNS London,London
Local Guide · 318 reviews · 403 photos,Nice trainers..exclusives,,SNS London,London
Local Guide · 51 reviews · 2 photos,All good,,SNS London,London
3 reviews,Great choice of trainers,,SNS London,London
Local Guide · 58 reviews · 31 photos,Great selection of trainers,,SNS London,London
Local Guide · 214 reviews · 73 photos,Awesome selection of sneakers.,,SNS London,London
Local Guide · 272 reviews · 791 photos,Great sneaker shop  ,,SNS London,London
Local Guide · 24 reviews · 10 photos,Really friendly staff,,SNS London,London
Local Guide · 46 reviews · 6 photos,Very cool shop,,SNS London,London
Local Guide · 27 reviews,Trainer selection was dead,,SNS London,London
Local Guide · 24 reviews · 9 photos,Lots of cool merchandise,,SNS London,London
3 reviews,Got a free shaving,,SNS London,London
Local Guide · 78 reviews · 4 photos,Isn't much options,,SNS London,London
8 reviews,A nice place for sneakerheads,,SNS London,London
Local Guide · 37 reviews,Love this place,,SNS London,London
Local Guide · 123 reviews · 29 photos, ,,SNS London,London
5 reviews,Cool,,SNS London,London
1 review,poor inattentive staff,1,SNS London,London
Local Guide · 123 reviews · 28 photos,Boring on normal days,,SNS London,London
Local Guide · 366 reviews · 191 photos,Good selection of sneakers,,SNS London,London
1 review,Superb,,SNS London,London
Local Guide · 46 reviews · 1 photo,Nice variety,,SNS London,London
Local Guide · 11 reviews · 22 photos,Great snickers,,SNS London,London
Local Guide · 76 reviews · 9 photos,Lots of selection,,SNS London,London
Local Guide · 13 reviews · 13 photos,Poor service.,1,SNS London,London
Local Guide · 212 reviews · 254 photos,Cool,,SNS London,London
34 reviews · 18 photos,"Sneakers are sneakers. But 12 for delivery is of course absurd, and then charging another 10 for returning them if you don't like them is really the limit. So I won't order here anymore.",,SNS London,London
15 reviews · 12 photos,150 for poorly manufactured new balance,,SNS London,London
Local Guide · 29 reviews · 15 photos,A must for every sneakerhead and those who want to become one. Very well-equipped streetwear store with lots of shoes and clothes from a wide variety of brands. Highly Recommended.,,SNS London,London
Local Guide · 131 reviews · 225 photos,"Very refined furnishings and excellent selection of brands. The arrangement of the dele is curious
Shoes scattered around the store.",1,SNS London,London
Local Guide · 85 reviews · 325 photos,What a lovely business. Find models of beautiful sneakers ,,SNS London,London
Local Guide · 101 reviews · 84 photos,One of the best sneaker stores in London.,1,SNS London,London
Local Guide · 124 reviews · 987 photos,,,SNS London,London
Local Guide · 22 reviews · 7 photos,A little disappointed with the store reception,,SNS London,London
Local Guide · 312 reviews · 117 photos,Nice shop,,SNS London,London
Local Guide · 51 reviews · 167 photos,,,SNS London,London
"Local Guide · 998 reviews · 4,614 photos",,,SNS London,London
Local Guide · 90 reviews,,,SNS London,London
Local Guide · 266 reviews · 369 photos,,,SNS London,London
9 reviews,,,SNS London,London
"11 reviews · 1,185 photos",,,SNS London,London
,,,SNS London,London
,,,SNS London,London
1 review · 1 photo,,,SNS London,London
1 photo,,,SNS London,London
6 reviews,,,SNS London,London
Local Guide · 25 reviews · 610 photos,,,SNS London,London
Local Guide · 144 reviews · 14 photos,,,SNS London,London
Local Guide · 33 reviews · 10 photos,,,SNS London,London
Local Guide · 23 reviews · 14 photos,,,SNS London,London
1 review · 2 photos,,,SNS London,London
Local Guide · 84 reviews · 43 photos,,,SNS London,London
Local Guide · 4 reviews,,,SNS London,London