Personal profile,Review,Number of likes,Store name,Region
Local Guide · 15 reviews,"Satisfied with my whole shopping experience at the shop. Staff was welcoming, polite, and helpful (especially Tiia (not sure if I am spelling he name right, sorry). Great selection of men shoes too. Happy!",,SOLE,London
Local Guide · 34 reviews · 5 photos,"The staff are beyond useless.

They are all huddled at the counter ignoring the customers, having a laugh. When ",2,SOLE,London
1 review,Faulty and defective branded goods - unhelpful staff who rely on returns policy timeframe to deny returns/exchanges. Can't see this store staying open for that much longer and would not reccommend making a purchase from here if you want to make sure you're getting a good quality product.,4,SOLE,London
18 reviews · 18 photos,"I was served by Zahrah and an Irish girl, really helpful and friendly. Great store - plenty of variety, and decent discounts during the Boxing day period. Will definitely come again :)",2,SOLE,London
"Local Guide · 189 reviews · 1,264 photos",Wonderful service and wonderful prices,,SOLE,London
1 review,"bad experienced ever had in my life, i was so kind and politely walked in and asking about the shoes size quiz.  cant believe this  one of lady staff (black people ) was terrible attitude and manner, completely racial discrimination�because i am Chinese?  i will never go this shop again, really upset me that time",2,SOLE,London
1 review,very bad customers service and abuse attitudes from a girl her name Anne dark skin with extra weigh. I booked for a £135 shoes paied but when i wanted to collect from the store i asked her for my booking ? she were very offensive and ,2,SOLE,London
"Local Guide · 701 reviews · 12,689 photos","This is a stand alone independent footwear shop( as far as l know ! ) selling a select range of well known women's and men's shoe brands.. You're likely to find Converse, Nike, Fit flop, Docs, Keds, Red or Dead and others. They don't do cut ",,SOLE,London
Local Guide · 158 reviews,This store can be found inside the Westfield shopping centre. It is basically a shoes store. All types of modern fashionable shoes are available here. The staff is very very cooperative and customer friendly. Here the shoes are available for everyone including children. All types of debit and credit cards are also accepted here. I love to visit this store again and again.,1,SOLE,London
3 reviews,Was very disappointed with the service that we received from the store manager. Was rude and aggressive towards other customer  would not visit again,1,SOLE,London
2 reviews,Disappointing customer service. Staff member so rude.They behave so badly with customers. I prefer not to buy any stuffs from this store,1,SOLE,London
6 reviews,A young worker helped me and was very helpful i think his name was Luke or Lucas and i believe and i just wanted to congratulate him on his exelence customers service.,,SOLE,London
Local Guide · 37 reviews · 46 photos,Very helpful staff today. Better service than most stores these days.,,SOLE,London
Local Guide · 15 reviews · 1 photo,Enable credit card thieves as they don't check credit cards.,,SOLE,London
Local Guide · 270 reviews · 263 photos,"Ordered a delivery to the store,  served by a very polite young man.",,SOLE,London
Local Guide · 139 reviews · 4 photos,Always find that one shoe I can never find anywhere here,,SOLE,London
1 review,so this is where the manager was when he wasn't at the club doing his job,,SOLE,London
Local Guide · 111 reviews · 73 photos,Worth paying a visit if you're a sneaker head,,SOLE,London
Local Guide · 78 reviews,Great selection of boots and footwear,,SOLE,London
Local Guide · 47 reviews · 48 photos,Fantastic Customer Service!,,SOLE,London
Local Guide · 34 reviews,Very helpful staff thankyou,,SOLE,London
Local Guide · 80 reviews · 108 photos,Great customer service,,SOLE,London
Local Guide · 35 reviews · 13 photos,Very friendly staff,,SOLE,London
Local Guide · 58 reviews · 108 photos,Good selection,,SOLE,London
9 reviews,Brilliant,,SOLE,London
"Local Guide · 215 reviews · 2,248 photos",Friendly staff,,SOLE,London
Local Guide · 14 reviews · 27 photos,Special edition sneakers,,SOLE,London
Local Guide · 4 reviews · 1 photo,,,SOLE,London
Local Guide · 5 reviews · 391 photos,,,SOLE,London
Local Guide · 97 reviews · 106 photos,,,SOLE,London
Local Guide · 248 reviews · 228 photos,,,SOLE,London
Local Guide · 16 reviews · 27 photos,,,SOLE,London
Local Guide · 284 reviews · 457 photos,,,SOLE,London
Local Guide · 43 reviews · 18 photos,,,SOLE,London
Local Guide · 105 reviews · 3 photos,,,SOLE,London
121 reviews · 4 photos,,,SOLE,London
,,,SOLE,London
,,,SOLE,London
Local Guide · 144 reviews · 155 photos,,,SOLE,London
Local Guide · 49 reviews · 656 photos,,,SOLE,London