Personal profile,Review,Number of likes,Store name,Region
Local Guide · 58 reviews · 31 photos,"Staff are always calm and quick, never had any problems really",1,StockX Drop Off,London
Local Guide · 24 reviews · 21 photos,I went in yesterday morning and I couldnt believe how easy this process was. The guy serving was really friendly and gave great customer service while explaining the process of drop offs etc. He was knowledgeable and gave me a really good ,2,StockX Drop Off,London
1 review,"Today received email after 4 days dropping a Swatch watch and the check didn't pass, they said some diffect it item .. I am % sure my each was checked befor I drop it and all my buying I do check it properly, I think some of there staff do they exchange item diffect thy have to clients higher management need to check there behaviour
I urge all customers to take vedio and photos of item in spot befor they give it to staff",4,StockX Drop Off,London
16 reviews,Thank you for getting back to me regarding the safety issue. I will change my review to 4 stars as Im grateful you have replied and when the store is open the service is great. Please do try to tell the company that it would be useful to have some sort of social media outreach that would help customers be aware of ongoing situations as the phone number on Google never goes through too,,StockX Drop Off,London
2 reviews,The first time I came here the store was unexpectedly closed. I decided to try again and Im glad I did. The staff were friendly and very helpful. This was my first time using StockX and the drop off service and will not be my last.,,StockX Drop Off,London
4 reviews,New location has one of the worst staff I've ever seen from management to front reception. ,11,StockX Drop Off,London
Local Guide · 7 reviews,"Been coming here often as it is convenient to drop off things I have to sell however, turned up today during operating hours and the store was closed for no reason despite feedback to previous reviews saying that this wouldn't happen again.",,StockX Drop Off,London
Local Guide · 123 reviews · 39 photos,Got My Supreme Lasered twill camp cap 2Day Thanks from the bottom of my heart ��  you guys are the best NEVER MIND THE REST  ,,StockX Drop Off,London
2 reviews,Started opting to just ship it to UPS after how uncomfortable the manager made the customers feel. The lady manager always speaks inappropriately with her other female colleague and ignores your existence. I've been selling with stockx from when i lived in New York. The service here is disgusting.,5,StockX Drop Off,London
1 review,Trying to call the store if i end up going and the store is closed like many other people have in the past but says its opened on the site i will be un happy,2,StockX Drop Off,London
7 reviews,Back holiday Monday online says open but Rode 45minutes for it to be closed.  What a joke of a company,3,StockX Drop Off,London
2 reviews,"I visited the stock x pop up store last week in london to purchase some Jordans, the experience I had as soon as I entered was truly amazing, the security guard was very friendly but I must say the biggest highlight of my experience was when I was served by a lady called Dion, she went out of her way to connect to me as a customer and we ended up having a great conversation about sneakers and I was intrigued by her knowledge and articulation, I definitely will visit that particular pop up store to purchase again. Love the music and vibes in the store by the way, helped me to be very relaxed and comfortable within my own settings.",5,StockX Drop Off,London
3 reviews,Ive taken time out of my day to drop off a pair of trainer for it not to be open it doesnt state anywhere that it was closed. fix this ASAP or update your website stating that its not going to be open today..,3,StockX Drop Off,London
3 reviews,Went in to the pop up to see if anyone could help with a pair of sneakers i had that i do not have much knowledge about and i was completely dismissed by both male staff members due to the sneakers being second hand i didn't actually ask them if i could sell them there i asked if they could give me any advice on them and all i was told was go to depop. Regardless of the sneaker how i was talked down to kinda ruined my day i could've went around other places for someone else's opinion but i felt i was shot down by your staff. Best part of all this is the shoe came from the stock x website with no authenticity tag no box and in used condition.,3,StockX Drop Off,London
1 review,The best part of coming to StockX pop up shop is having the experience that your shoes are in safe hands especially when the staff reassure you. the process is quick and you receive your payouts the next day and they even waiver the ,1,StockX Drop Off,London
8 reviews · 1 photo,Management handled a issue I had with authenticator in StockX HQ. Front desk staff was honest and Management provided good assistance in investigating the issue.,3,StockX Drop Off,London
1 review,Rude staff. Especially the two females usually on the receptions. Used this service on easily 7+ different occasions and have walked out with the same feeling every time. I get it can get stressful dealing with many customers but its gone about in the wrong way. Terrible customer service.,3,StockX Drop Off,London
Local Guide · 18 reviews,"Absolute joke, ordered some nike x off white trainers and they arrived with no nike lace tightners on the laces and no off white zip tie, meant to be brand new, contact them and get ignored or fobbed off constantly?",2,StockX Drop Off,London
5 reviews · 4 photos,"Most of the time it has been great, but today no one turned up to work and waited 4 hours still no one, this is unacceptable",2,StockX Drop Off,London
10 reviews · 1 photo,"Great drop off experience and friendly staff , who will welcome you warmly into the shop. One thing to consider would be nice if some music is playing.",2,StockX Drop Off,London
3 reviews · 1 photo,"Quick question,can I purchase item with cash at your store",,StockX Drop Off,London
"Local Guide · 283 reviews · 16,647 photos",The shop has Android looking teddy bears as mascots. That has to be rather cool! There's not a lot of stock but there seems to be groovy trainers and skateboards.,1,StockX Drop Off,London
3 reviews,Amazing staff! First time selling on stockx and dropping off the item in the London location and the staff was amazing.,,StockX Drop Off,London
1 review,"The store looks great way better than the last one!
Dropped off and got paid out that evening, great experience!",3,StockX Drop Off,London
3 reviews,"Wrong address needs to be updated as I arrived wrong place but only 6 min walk away however very kind staff,great communication overall a fast easy experience definitely paying a visit again",3,StockX Drop Off,London
7 reviews · 14 photos,Happy with my in store experience. The staff were happy to help and very friendly.,3,StockX Drop Off,London
Local Guide · 75 reviews · 17 photos,Never buy from them online. They have no ways of contact with customers. Your orders will always be shown as delivered but they reality they are not. Its scam.,2,StockX Drop Off,London
Local Guide · 78 reviews · 45 photos,"Seamless experience, warm service, convenient location, saves you the hassle of packaging and posting your items. Gamechanger!",2,StockX Drop Off,London
9 reviews · 4 photos,"Professional, friendly and efficient. What more can you ask for! Amazing service.",3,StockX Drop Off,London
Local Guide · 29 reviews · 2 photos,"Great staff really lovely
Love the location and shop is real nice",2,StockX Drop Off,London
Local Guide · 35 reviews · 7 photos,Loved using the pop up today! Makes the process so easy. Hopefully it will end up being permanent,1,StockX Drop Off,London
1 review,My parcel could have been delivered tomorrow,3,StockX Drop Off,London
11 reviews · 5 photos,Very well organised shop and fantastic knowledgeable staff. Would recommend.,3,StockX Drop Off,London
Local Guide · 109 reviews · 40 photos,might have been 5 Sars had the bothered to update opening times ..... waste if time!,,StockX Drop Off,London
Local Guide · 105 reviews · 7 photos,"Nice, but very small",,StockX Drop Off,London
21 reviews · 3 photos,Always efficient and friendly customer service,,StockX Drop Off,London
Local Guide · 14 reviews · 16 photos,"Nothing special, place is small and serves its purpose to drop off shoes. Staff was OK.",,StockX Drop Off,London
2 reviews,Loved the ambience and great customer service!,2,StockX Drop Off,London
1 review,Friendly staff and very helpful highly recommended  ,3,StockX Drop Off,London
47 reviews,Top customer service very quick,1,StockX Drop Off,London
4 reviews,I hate shopping but these guy make it quick and easy...,2,StockX Drop Off,London
"Local Guide · 690 reviews · 1,488 photos",Only drop off location no items sold here.,1,StockX Drop Off,London
1 review,Great pop up with helpful staff!,3,StockX Drop Off,London
5 reviews,Good customer service and a good experience,3,StockX Drop Off,London
2 reviews,good customer service and good location!,3,StockX Drop Off,London
3 reviews,Nothing but Amazing and top class!,2,StockX Drop Off,London
Local Guide · 16 reviews · 51 photos,Is it still there as coming to London at the end of November,,StockX Drop Off,London
2 reviews,Rude response when you ask for an update.,3,StockX Drop Off,London
2 reviews,Great in person experience,3,StockX Drop Off,London
1 review,So good,,StockX Drop Off,London
Local Guide · 32 reviews · 4 photos,Staff was quick,2,StockX Drop Off,London
Local Guide · 70 reviews · 996 photos,Best price,2,StockX Drop Off,London
Local Guide · 134 reviews · 2 photos,Quick payout,,StockX Drop Off,London
"Local Guide · 1,234 reviews · 3,644 photos","Small sneaker store but with a good selection.
The prices are the same as comparable stores.
We were greeted warmly when we came in.",,StockX Drop Off,London
4 reviews,That was cool,1,StockX Drop Off,London
Local Guide · 31 reviews · 1 photo,,,StockX Drop Off,London
2 reviews,,,StockX Drop Off,London
2 photos,,,StockX Drop Off,London
2 reviews · 10 photos,,,StockX Drop Off,London
,,,StockX Drop Off,London
Local Guide · 50 reviews · 538 photos,,,StockX Drop Off,London
1 review,,,StockX Drop Off,London
,,,StockX Drop Off,London
1 review,,,StockX Drop Off,London
,,,StockX Drop Off,London
,,,StockX Drop Off,London
35 reviews · 13 photos,,,StockX Drop Off,London
2 reviews,,,StockX Drop Off,London
1 review,,,StockX Drop Off,London
2 reviews,,,StockX Drop Off,London